file,config,workload,input_tokens,output_tokens,concurrency,repetition,tp,spec,cpu_offload_gb,temperature,num_prompts,duration,completed,failed,request_throughput,output_throughput,total_token_throughput,mean_ttft_ms,median_ttft_ms,p50_ttft_ms,p99_ttft_ms,mean_tpot_ms,median_tpot_ms,p50_tpot_ms,p99_tpot_ms,mean_itl_ms,median_itl_ms,p50_itl_ms,p99_itl_ms,mean_e2el_ms,p50_e2el_ms,p99_e2el_ms,spec_decode_acceptance_rate,spec_decode_acceptance_length
control-smoke/raw/smoke_in128_out64_c1_r1.json,control-smoke,smoke,128,64,1,1,2,on,0,0,2,0.7869164030998945,2,0,2.541566031819153,162.6602260364258,487.9806781092774,64.61304356344044,64.61304356344044,64.61304356344044,64.68424892053008,5.218051340697067,5.218051340697067,5.218051340697067,5.76173329141937,24.350940698274858,24.414738873019814,24.414738873019814,25.077942511998117,393.35027802735567,393.35027802735567,427.67344627995044,53.43915343915344,4.7407407407407405
rx5-control-quick/raw/correctness_fixed.json,rx5-control-quick,correctness_fixed,,,,,,,,0,,,8,0,,,,,,,,,,,,,,,,,,,,
rx5-control-quick/raw/decode_in256_out256_c1_r1.json,rx5-control-quick,decode,256,256,1,1,2,on,0,0,4,7.167844372102991,4,0,0.5580478303306731,142.8602445646523,285.7204891293046,77.31101528042927,77.94113445561379,77.94113445561379,79.07532050041482,6.723765898998097,5.388021000259209,5.388021000259209,12.47751716294271,24.758998219710556,24.746665032580495,24.746665032580495,25.319862831383947,1791.8713195249438,1451.886489521712,3260.8421970508057,38.628158844765345,3.703971119133574
rx5-control-quick/raw/decode_in256_out256_c1_r2.json,rx5-control-quick,decode,256,256,1,2,2,on,0,0,4,4.619074104819447,4,0,0.865974415917355,221.6894504748429,443.3789009496858,77.30295055080205,78.18067108746618,78.18067108746618,78.39834831422195,4.224991989915496,3.7336916507532205,3.7336916507532205,5.868390167944645,24.76720143532402,24.738293956033885,24.738293956033885,25.800950762350112,1154.6759079792537,1028.516600956209,1574.5010513509624,70.77175697865353,5.954022988505747
rx5-control-quick/raw/decode_in256_out256_c2_r1.json,rx5-control-quick,decode,256,256,2,1,2,on,0,0,4,4.1367636730428785,4,0,0.96693945222588,247.53649976982527,495.07299953965054,131.60094554768875,135.04553504753858,135.04553504753858,179.3786896718666,6.742110041737118,5.992801227223348,5.992801227223348,10.264900254505667,28.417160836517937,27.812401996925473,27.812401996925473,74.24869003007214,1850.839006190654,1633.4234684472904,2796.9226749264635,46.221959858323494,4.235537190082645
rx5-control-quick/raw/decode_in256_out256_c2_r2.json,rx5-control-quick,decode,256,256,2,2,2,on,0,0,4,5.501329425955191,4,0,0.7270969778919363,186.1368263403357,372.2736526806714,131.6076400107704,134.25467303022742,134.25467303022742,180.11168467113748,9.80603058808757,9.445023352700266,9.445023352700266,16.42188438430757,28.415204260619994,27.887290925718844,27.887290925718844,29.276299204211682,2632.145439973101,2513.7460405239835,4367.685034591705,27.394480519480517,2.9176136363636367
rx5-control-quick/raw/decode_in256_out256_c4_r1.json,rx5-control-quick,decode,256,256,4,1,2,on,0,0,8,8.045636547962204,8,0,0.9943277890207752,254.54791398931846,509.0958279786369,190.92604413162917,146.3944590650499,146.3944590650499,288.86737760854885,10.364581664622415,8.559692058913118,8.559692058913118,18.498463098480205,33.93859994511029,34.322623163461685,34.322623163461685,114.2822613241151,2833.894368610345,2400.2128884894773,4858.564999741502,32.83650538867232,3.298555377207063
rx5-control-quick/raw/decode_in256_out256_c4_r2.json,rx5-control-quick,decode,256,256,4,2,2,on,0,0,8,5.039321842137724,8,0,1.5875151956173394,406.4038900780389,812.8077801560778,200.71395617560484,187.31069145724177,187.31069145724177,288.32426608307287,8.445203545224835,7.457638858799257,7.457638858799257,15.963406607663881,36.26992962519197,34.4604910351336,34.4604910351336,114.73508873488754,2354.2408602079377,2088.67324097082,4348.664274301846,47.72932330827068,4.341052631578947
rx5-control-quick/raw/decode_in256_out256_c8_r1.json,rx5-control-quick,decode,256,256,8,1,2,on,0,0,16,7.641071488149464,16,0,2.093947167594806,536.0504749042703,1072.1009498085407,337.1893777803052,270.86370647884905,270.86370647884905,515.3817307436839,10.320186005750049,8.917255635263725,8.917255635263725,20.779871524256812,47.631629970771726,47.09954303689301,47.09954303689301,123.01679940661415,2968.836809246568,2552.747975103557,5788.205512275453,64.16139240506328,4.669683257918551
rx5-control-quick/raw/decode_in256_out256_c8_r2.json,rx5-control-quick,decode,256,256,8,2,2,on,0,0,16,8.064090547151864,16,0,1.9841047054774206,507.93080460221967,1015.8616092044393,318.62117562559433,203.75694544054568,203.75694544054568,520.6167917698622,12.616660844080387,9.029800664432639,9.029800664432639,29.01408052071929,46.33301399014454,42.627963004633784,42.627963004633784,122.46925986837596,3535.869690866093,2774.4666874641553,7868.3326192665845,55.68496949528563,3.711071107110711
rx5-control-quick/raw/prefill_in2048_out64_c1_r1.json,rx5-control-quick,prefill,2048,64,1,1,2,on,0,0,2,2.394240353954956,2,0,0.8353380213879843,53.461633368830995,1764.2339011714228,435.6670120032504,435.6670120032504,435.6670120032504,443.4836791851558,12.084856294908574,12.084856294908574,12.084856294908574,14.776463106104602,26.71391181157608,26.52885392308235,26.52885392308235,31.688551129773256,1197.0129585824907,1197.0129585824907,1374.4008548697457,18.796992481203006,2.3157894736842106
rx5-control-quick/raw/prefill_in2048_out64_c4_r1.json,rx5-control-quick,prefill,2048,64,4,1,2,on,0,0,8,5.566129307029769,8,0,1.437264490046317,91.98492736296429,3035.5026029778214,1036.0286539944354,944.6496465243399,944.6496465243399,1803.6115187266842,22.333109527290432,15.683920959764647,15.683920959764647,56.18736572877785,70.3493036373402,36.100477911531925,36.100477911531925,882.9555836669169,2443.0145542137325,2036.6696199635044,4061.251766947098,32.857142857142854,3.3
rx5-control-quick/raw/prefill_in2048_out64_c8_r1.json,rx5-control-quick,prefill,2048,64,8,1,2,on,0,0,16,9.717191339004785,16,0,1.6465663216670474,105.38024458669103,3477.548071360804,1575.2963050472317,987.1533313998953,987.1533313998953,3613.958771992475,47.01103115895955,46.966025842324136,46.966025842324136,111.99255698334632,133.484850192941,42.761191027238965,42.761191027238965,894.2920038942246,4536.9912680616835,4552.859738469124,8500.471092003863,43.05555555555556,2.9211267605633804
rx5-control-quick/raw/warmup_in128_out64_c1_r1.json,rx5-control-quick,warmup,128,64,1,1,2,on,0,0,2,0.7872164680156857,2,0,2.5405972578817404,162.59822450443139,487.7946735132942,64.78437094483525,64.78437094483525,64.78437094483525,65.50865658326074,5.217841650832385,5.217841650832385,5.217841650832385,5.760366290194234,24.34995806672507,24.409430101513863,24.409430101513863,25.0956436060369,393.5083949472755,393.5083949472755,428.41173286549747,53.43915343915344,4.7407407407407405
rx5-control-quick/tool-schema-gate/raw/001.json,tool-schema-gate,unknown,,,,,,,,,,,,,,,,,,,,,,,,,,,,,,,,
rx5-control-quick/tool-schema-gate/raw/002.json,tool-schema-gate,unknown,,,,,,,,,,,,,,,,,,,,,,,,,,,,,,,,
rx5-control-quick/tool-schema-gate/raw/003.json,tool-schema-gate,unknown,,,,,,,,,,,,,,,,,,,,,,,,,,,,,,,,
rx5-control-quick/tool-schema-gate/raw/004.json,tool-schema-gate,unknown,,,,,,,,,,,,,,,,,,,,,,,,,,,,,,,,
rx5-control-quick/tool-schema-gate/raw/005.json,tool-schema-gate,unknown,,,,,,,,,,,,,,,,,,,,,,,,,,,,,,,,
rx5-control-quick/tool-schema-gate/raw/006.json,tool-schema-gate,unknown,,,,,,,,,,,,,,,,,,,,,,,,,,,,,,,,
rx5-control-quick/tool-schema-gate/raw/007.json,tool-schema-gate,unknown,,,,,,,,,,,,,,,,,,,,,,,,,,,,,,,,
rx5-control-quick/tool-schema-gate/raw/008.json,tool-schema-gate,unknown,,,,,,,,,,,,,,,,,,,,,,,,,,,,,,,,
rx5-control-quick/tool-schema-gate/raw/009.json,tool-schema-gate,unknown,,,,,,,,,,,,,,,,,,,,,,,,,,,,,,,,
rx5-control-quick/tool-schema-gate/raw/010.json,tool-schema-gate,unknown,,,,,,,,,,,,,,,,,,,,,,,,,,,,,,,,
rx5-control-quick/tool-schema-gate/raw/011.json,tool-schema-gate,unknown,,,,,,,,,,,,,,,,,,,,,,,,,,,,,,,,
rx5-control-quick/tool-schema-gate/raw/012.json,tool-schema-gate,unknown,,,,,,,,,,,,,,,,,,,,,,,,,,,,,,,,
rx5-control-quick/tool-schema-gate/raw/013.json,tool-schema-gate,unknown,,,,,,,,,,,,,,,,,,,,,,,,,,,,,,,,
rx5-control-quick/tool-schema-gate/raw/014.json,tool-schema-gate,unknown,,,,,,,,,,,,,,,,,,,,,,,,,,,,,,,,
rx5-control-quick/tool-schema-gate/raw/015.json,tool-schema-gate,unknown,,,,,,,,,,,,,,,,,,,,,,,,,,,,,,,,
rx5-control-quick/tool-schema-gate/raw/016.json,tool-schema-gate,unknown,,,,,,,,,,,,,,,,,,,,,,,,,,,,,,,,
rx5-control-quick/tool-schema-gate/raw/017.json,tool-schema-gate,unknown,,,,,,,,,,,,,,,,,,,,,,,,,,,,,,,,
rx5-control-quick/tool-schema-gate/raw/018.json,tool-schema-gate,unknown,,,,,,,,,,,,,,,,,,,,,,,,,,,,,,,,
rx5-control-quick/tool-schema-gate/raw/019.json,tool-schema-gate,unknown,,,,,,,,,,,,,,,,,,,,,,,,,,,,,,,,
rx5-control-quick/tool-schema-gate/raw/020.json,tool-schema-gate,unknown,,,,,,,,,,,,,,,,,,,,,,,,,,,,,,,,
rx5-control-quick/tool-schema-gate/raw/021.json,tool-schema-gate,unknown,,,,,,,,,,,,,,,,,,,,,,,,,,,,,,,,
rx5-control-quick/tool-schema-gate/raw/022.json,tool-schema-gate,unknown,,,,,,,,,,,,,,,,,,,,,,,,,,,,,,,,
rx5-control-quick/tool-schema-gate/raw/023.json,tool-schema-gate,unknown,,,,,,,,,,,,,,,,,,,,,,,,,,,,,,,,
rx5-control-quick/tool-schema-gate/raw/024.json,tool-schema-gate,unknown,,,,,,,,,,,,,,,,,,,,,,,,,,,,,,,,
rx5-control-quick/tool-schema-gate/raw/025.json,tool-schema-gate,unknown,,,,,,,,,,,,,,,,,,,,,,,,,,,,,,,,
rx5-control-quick/tool-schema-gate/raw/026.json,tool-schema-gate,unknown,,,,,,,,,,,,,,,,,,,,,,,,,,,,,,,,
rx5-control-quick/tool-schema-gate/raw/027.json,tool-schema-gate,unknown,,,,,,,,,,,,,,,,,,,,,,,,,,,,,,,,
rx5-control-quick/tool-schema-gate/raw/028.json,tool-schema-gate,unknown,,,,,,,,,,,,,,,,,,,,,,,,,,,,,,,,
rx5-control-quick/tool-schema-gate/raw/029.json,tool-schema-gate,unknown,,,,,,,,,,,,,,,,,,,,,,,,,,,,,,,,
rx5-control-quick/tool-schema-gate/raw/030.json,tool-schema-gate,unknown,,,,,,,,,,,,,,,,,,,,,,,,,,,,,,,,
rx5-full-exact1-nowhitespace-schema100/raw/warmup_in128_out64_c1_r1.json,rx5-full-exact1-nowhitespace-schema100,warmup,128,64,1,1,2,on,0,0,2,0.7245006051380187,2,0,2.7605221939310822,176.67342041158926,530.0202612347678,62.40940105635673,62.40940105635673,62.40940105635673,62.869851116556674,4.757708467040507,4.757708467040507,4.757708467040507,5.247254611421671,22.202672850754524,22.277030162513256,22.277030162513256,22.798671177588403,362.14503447990865,362.14503447990865,392.5259915157221,56.08465608465608,4.925925925925926
rx5-full-exact1-schema100/raw/correctness_fixed.json,rx5-full-exact1-schema100,correctness_fixed,,,,,,,,0,,,8,0,,,,,,,,,,,,,,,,,,,,
rx5-full-exact1-schema100/raw/warmup_in128_out64_c1_r1.json,rx5-full-exact1-schema100,warmup,128,64,1,1,2,on,0,0,2,0.7268806928768754,2,0,2.7514831795632455,176.0949234920477,528.2847704761431,63.17048298660666,63.17048298660666,63.17048298660666,63.3230267954059,4.764485793809095,4.764485793809095,4.764485793809095,5.262308744713663,22.234288889362855,22.279118886217475,22.279118886217475,22.806486459448934,363.3330879965797,363.3330879965797,394.54339009476826,56.08465608465608,4.925925925925926
rx5-full-exact1-schema100/tool-schema-gate/raw/001.json,tool-schema-gate,unknown,,,,,,,,,,,,,,,,,,,,,,,,,,,,,,,,
rx5-full-exact1-schema100/tool-schema-gate/raw/002.json,tool-schema-gate,unknown,,,,,,,,,,,,,,,,,,,,,,,,,,,,,,,,
rx5-full-exact1-schema100/tool-schema-gate/raw/003.json,tool-schema-gate,unknown,,,,,,,,,,,,,,,,,,,,,,,,,,,,,,,,
rx5-full-exact1-schema100/tool-schema-gate/raw/004.json,tool-schema-gate,unknown,,,,,,,,,,,,,,,,,,,,,,,,,,,,,,,,
rx5-full-exact1-schema100/tool-schema-gate/raw/005.json,tool-schema-gate,unknown,,,,,,,,,,,,,,,,,,,,,,,,,,,,,,,,
rx5-full-exact1-schema100/tool-schema-gate/raw/006.json,tool-schema-gate,unknown,,,,,,,,,,,,,,,,,,,,,,,,,,,,,,,,
rx5-full-exact1-schema100/tool-schema-gate/raw/007.json,tool-schema-gate,unknown,,,,,,,,,,,,,,,,,,,,,,,,,,,,,,,,
rx5-full-exact1-schema100/tool-schema-gate/raw/008.json,tool-schema-gate,unknown,,,,,,,,,,,,,,,,,,,,,,,,,,,,,,,,
rx5-full-exact1-schema100/tool-schema-gate/raw/009.json,tool-schema-gate,unknown,,,,,,,,,,,,,,,,,,,,,,,,,,,,,,,,
rx5-full-exact1-schema100/tool-schema-gate/raw/010.json,tool-schema-gate,unknown,,,,,,,,,,,,,,,,,,,,,,,,,,,,,,,,
rx5-full-exact1-schema100/tool-schema-gate/raw/011.json,tool-schema-gate,unknown,,,,,,,,,,,,,,,,,,,,,,,,,,,,,,,,
rx5-full-exact1-schema100/tool-schema-gate/raw/012.json,tool-schema-gate,unknown,,,,,,,,,,,,,,,,,,,,,,,,,,,,,,,,
rx5-full-exact1-schema100/tool-schema-gate/raw/013.json,tool-schema-gate,unknown,,,,,,,,,,,,,,,,,,,,,,,,,,,,,,,,
rx5-full-exact1-schema100/tool-schema-gate/raw/014.json,tool-schema-gate,unknown,,,,,,,,,,,,,,,,,,,,,,,,,,,,,,,,
rx5-full-exact1-schema100/tool-schema-gate/raw/015.json,tool-schema-gate,unknown,,,,,,,,,,,,,,,,,,,,,,,,,,,,,,,,
rx5-full-exact1-schema100/tool-schema-gate/raw/016.json,tool-schema-gate,unknown,,,,,,,,,,,,,,,,,,,,,,,,,,,,,,,,
rx5-full-exact1-schema100/tool-schema-gate/raw/017.json,tool-schema-gate,unknown,,,,,,,,,,,,,,,,,,,,,,,,,,,,,,,,
rx5-full-exact1-schema100/tool-schema-gate/raw/018.json,tool-schema-gate,unknown,,,,,,,,,,,,,,,,,,,,,,,,,,,,,,,,
rx5-full-exact1-schema100/tool-schema-gate/raw/019.json,tool-schema-gate,unknown,,,,,,,,,,,,,,,,,,,,,,,,,,,,,,,,
rx5-full-exact1-schema100/tool-schema-gate/raw/020.json,tool-schema-gate,unknown,,,,,,,,,,,,,,,,,,,,,,,,,,,,,,,,
rx5-full-exact1-schema100/tool-schema-gate/raw/021.json,tool-schema-gate,unknown,,,,,,,,,,,,,,,,,,,,,,,,,,,,,,,,
rx5-full-exact1-schema100/tool-schema-gate/raw/022.json,tool-schema-gate,unknown,,,,,,,,,,,,,,,,,,,,,,,,,,,,,,,,
rx5-full-exact1-schema100/tool-schema-gate/raw/023.json,tool-schema-gate,unknown,,,,,,,,,,,,,,,,,,,,,,,,,,,,,,,,
rx5-full-exact1-schema100/tool-schema-gate/raw/024.json,tool-schema-gate,unknown,,,,,,,,,,,,,,,,,,,,,,,,,,,,,,,,
rx5-full-exact1-schema100/tool-schema-gate/raw/025.json,tool-schema-gate,unknown,,,,,,,,,,,,,,,,,,,,,,,,,,,,,,,,
rx5-full-exact1-schema100/tool-schema-gate/raw/026.json,tool-schema-gate,unknown,,,,,,,,,,,,,,,,,,,,,,,,,,,,,,,,
rx5-full-exact1-schema100/tool-schema-gate/raw/027.json,tool-schema-gate,unknown,,,,,,,,,,,,,,,,,,,,,,,,,,,,,,,,
rx5-full-exact1-schema100/tool-schema-gate/raw/028.json,tool-schema-gate,unknown,,,,,,,,,,,,,,,,,,,,,,,,,,,,,,,,
rx5-full-exact1-schema100/tool-schema-gate/raw/029.json,tool-schema-gate,unknown,,,,,,,,,,,,,,,,,,,,,,,,,,,,,,,,
rx5-full-exact1-schema100/tool-schema-gate/raw/030.json,tool-schema-gate,unknown,,,,,,,,,,,,,,,,,,,,,,,,,,,,,,,,
rx5-full-exact1-schema100/tool-schema-gate/raw/031.json,tool-schema-gate,unknown,,,,,,,,,,,,,,,,,,,,,,,,,,,,,,,,
rx5-full-exact1-schema100/tool-schema-gate/raw/032.json,tool-schema-gate,unknown,,,,,,,,,,,,,,,,,,,,,,,,,,,,,,,,
rx5-full-exact1-schema100/tool-schema-gate/raw/033.json,tool-schema-gate,unknown,,,,,,,,,,,,,,,,,,,,,,,,,,,,,,,,
rx5-full-exact1-schema100/tool-schema-gate/raw/034.json,tool-schema-gate,unknown,,,,,,,,,,,,,,,,,,,,,,,,,,,,,,,,
rx5-full-exact1-schema100/tool-schema-gate/raw/035.json,tool-schema-gate,unknown,,,,,,,,,,,,,,,,,,,,,,,,,,,,,,,,
rx5-full-exact1-schema100/tool-schema-gate/raw/036.json,tool-schema-gate,unknown,,,,,,,,,,,,,,,,,,,,,,,,,,,,,,,,
rx5-full-exact1-schema100/tool-schema-gate/raw/037.json,tool-schema-gate,unknown,,,,,,,,,,,,,,,,,,,,,,,,,,,,,,,,
rx5-full-exact1-schema100/tool-schema-gate/raw/038.json,tool-schema-gate,unknown,,,,,,,,,,,,,,,,,,,,,,,,,,,,,,,,
rx5-full-exact1-schema100/tool-schema-gate/raw/039.json,tool-schema-gate,unknown,,,,,,,,,,,,,,,,,,,,,,,,,,,,,,,,
rx5-full-exact1-schema100/tool-schema-gate/raw/040.json,tool-schema-gate,unknown,,,,,,,,,,,,,,,,,,,,,,,,,,,,,,,,
rx5-full-exact1-schema100/tool-schema-gate/raw/041.json,tool-schema-gate,unknown,,,,,,,,,,,,,,,,,,,,,,,,,,,,,,,,
rx5-full-exact1-schema100/tool-schema-gate/raw/042.json,tool-schema-gate,unknown,,,,,,,,,,,,,,,,,,,,,,,,,,,,,,,,
rx5-full-exact1-schema100/tool-schema-gate/raw/043.json,tool-schema-gate,unknown,,,,,,,,,,,,,,,,,,,,,,,,,,,,,,,,
rx5-full-exact1-schema100/tool-schema-gate/raw/044.json,tool-schema-gate,unknown,,,,,,,,,,,,,,,,,,,,,,,,,,,,,,,,
rx5-full-exact1-schema100/tool-schema-gate/raw/045.json,tool-schema-gate,unknown,,,,,,,,,,,,,,,,,,,,,,,,,,,,,,,,
rx5-full-exact1-schema100/tool-schema-gate/raw/046.json,tool-schema-gate,unknown,,,,,,,,,,,,,,,,,,,,,,,,,,,,,,,,
rx5-full-exact1-schema100/tool-schema-gate/raw/047.json,tool-schema-gate,unknown,,,,,,,,,,,,,,,,,,,,,,,,,,,,,,,,
rx5-full-exact1-schema100/tool-schema-gate/raw/048.json,tool-schema-gate,unknown,,,,,,,,,,,,,,,,,,,,,,,,,,,,,,,,
rx5-full-exact1-schema100/tool-schema-gate/raw/049.json,tool-schema-gate,unknown,,,,,,,,,,,,,,,,,,,,,,,,,,,,,,,,
rx5-full-exact1-schema100/tool-schema-gate/raw/050.json,tool-schema-gate,unknown,,,,,,,,,,,,,,,,,,,,,,,,,,,,,,,,
rx5-full-exact1-schema100/tool-schema-gate/raw/051.json,tool-schema-gate,unknown,,,,,,,,,,,,,,,,,,,,,,,,,,,,,,,,
rx5-full-exact1-schema100/tool-schema-gate/raw/052.json,tool-schema-gate,unknown,,,,,,,,,,,,,,,,,,,,,,,,,,,,,,,,
rx5-full-exact1-schema100/tool-schema-gate/raw/053.json,tool-schema-gate,unknown,,,,,,,,,,,,,,,,,,,,,,,,,,,,,,,,
rx5-full-exact1-schema100/tool-schema-gate/raw/054.json,tool-schema-gate,unknown,,,,,,,,,,,,,,,,,,,,,,,,,,,,,,,,
rx5-full-exact1-schema100/tool-schema-gate/raw/055.json,tool-schema-gate,unknown,,,,,,,,,,,,,,,,,,,,,,,,,,,,,,,,
rx5-full-exact1-schema100/tool-schema-gate/raw/056.json,tool-schema-gate,unknown,,,,,,,,,,,,,,,,,,,,,,,,,,,,,,,,
rx5-full-exact1-schema100/tool-schema-gate/raw/057.json,tool-schema-gate,unknown,,,,,,,,,,,,,,,,,,,,,,,,,,,,,,,,
rx5-full-exact1-schema100/tool-schema-gate/raw/058.json,tool-schema-gate,unknown,,,,,,,,,,,,,,,,,,,,,,,,,,,,,,,,
rx5-full-exact1-schema100/tool-schema-gate/raw/059.json,tool-schema-gate,unknown,,,,,,,,,,,,,,,,,,,,,,,,,,,,,,,,
rx5-full-exact1-schema100/tool-schema-gate/raw/060.json,tool-schema-gate,unknown,,,,,,,,,,,,,,,,,,,,,,,,,,,,,,,,
rx5-full-exact1-schema100/tool-schema-gate/raw/061.json,tool-schema-gate,unknown,,,,,,,,,,,,,,,,,,,,,,,,,,,,,,,,
rx5-full-exact1-schema100/tool-schema-gate/raw/062.json,tool-schema-gate,unknown,,,,,,,,,,,,,,,,,,,,,,,,,,,,,,,,
rx5-full-exact1-schema100/tool-schema-gate/raw/063.json,tool-schema-gate,unknown,,,,,,,,,,,,,,,,,,,,,,,,,,,,,,,,
rx5-full-exact1-schema100/tool-schema-gate/raw/064.json,tool-schema-gate,unknown,,,,,,,,,,,,,,,,,,,,,,,,,,,,,,,,
rx5-full-exact1-schema100/tool-schema-gate/raw/065.json,tool-schema-gate,unknown,,,,,,,,,,,,,,,,,,,,,,,,,,,,,,,,
rx5-full-exact1-schema100/tool-schema-gate/raw/066.json,tool-schema-gate,unknown,,,,,,,,,,,,,,,,,,,,,,,,,,,,,,,,
rx5-full-exact1-schema100/tool-schema-gate/raw/067.json,tool-schema-gate,unknown,,,,,,,,,,,,,,,,,,,,,,,,,,,,,,,,
rx5-full-exact1-schema100/tool-schema-gate/raw/068.json,tool-schema-gate,unknown,,,,,,,,,,,,,,,,,,,,,,,,,,,,,,,,
rx5-full-exact1-schema100/tool-schema-gate/raw/069.json,tool-schema-gate,unknown,,,,,,,,,,,,,,,,,,,,,,,,,,,,,,,,
rx5-full-exact1-schema100/tool-schema-gate/raw/070.json,tool-schema-gate,unknown,,,,,,,,,,,,,,,,,,,,,,,,,,,,,,,,
rx5-full-exact1-schema100/tool-schema-gate/raw/071.json,tool-schema-gate,unknown,,,,,,,,,,,,,,,,,,,,,,,,,,,,,,,,
rx5-full-exact1-schema100/tool-schema-gate/raw/072.json,tool-schema-gate,unknown,,,,,,,,,,,,,,,,,,,,,,,,,,,,,,,,
rx5-full-exact1-schema100/tool-schema-gate/raw/073.json,tool-schema-gate,unknown,,,,,,,,,,,,,,,,,,,,,,,,,,,,,,,,
rx5-full-exact1-schema100/tool-schema-gate/raw/074.json,tool-schema-gate,unknown,,,,,,,,,,,,,,,,,,,,,,,,,,,,,,,,
rx5-full-exact1-schema100/tool-schema-gate/raw/075.json,tool-schema-gate,unknown,,,,,,,,,,,,,,,,,,,,,,,,,,,,,,,,
rx5-full-exact1-schema100/tool-schema-gate/raw/076.json,tool-schema-gate,unknown,,,,,,,,,,,,,,,,,,,,,,,,,,,,,,,,
rx5-full-exact1-schema100/tool-schema-gate/raw/077.json,tool-schema-gate,unknown,,,,,,,,,,,,,,,,,,,,,,,,,,,,,,,,
rx5-full-exact1-schema100/tool-schema-gate/raw/078.json,tool-schema-gate,unknown,,,,,,,,,,,,,,,,,,,,,,,,,,,,,,,,
rx5-full-exact1-schema100/tool-schema-gate/raw/079.json,tool-schema-gate,unknown,,,,,,,,,,,,,,,,,,,,,,,,,,,,,,,,
rx5-full-exact1-schema100/tool-schema-gate/raw/080.json,tool-schema-gate,unknown,,,,,,,,,,,,,,,,,,,,,,,,,,,,,,,,
rx5-full-exact1-schema100/tool-schema-gate/raw/081.json,tool-schema-gate,unknown,,,,,,,,,,,,,,,,,,,,,,,,,,,,,,,,
rx5-full-exact1-schema100/tool-schema-gate/raw/082.json,tool-schema-gate,unknown,,,,,,,,,,,,,,,,,,,,,,,,,,,,,,,,
rx5-full-exact1-schema100/tool-schema-gate/raw/083.json,tool-schema-gate,unknown,,,,,,,,,,,,,,,,,,,,,,,,,,,,,,,,
rx5-full-exact1-schema100/tool-schema-gate/raw/084.json,tool-schema-gate,unknown,,,,,,,,,,,,,,,,,,,,,,,,,,,,,,,,
rx5-full-exact1-schema100/tool-schema-gate/raw/085.json,tool-schema-gate,unknown,,,,,,,,,,,,,,,,,,,,,,,,,,,,,,,,
rx5-full-exact1-schema100/tool-schema-gate/raw/086.json,tool-schema-gate,unknown,,,,,,,,,,,,,,,,,,,,,,,,,,,,,,,,
rx5-full-exact1-schema100/tool-schema-gate/raw/087.json,tool-schema-gate,unknown,,,,,,,,,,,,,,,,,,,,,,,,,,,,,,,,
rx5-full-exact1-schema100/tool-schema-gate/raw/088.json,tool-schema-gate,unknown,,,,,,,,,,,,,,,,,,,,,,,,,,,,,,,,
rx5-full-exact1-schema100/tool-schema-gate/raw/089.json,tool-schema-gate,unknown,,,,,,,,,,,,,,,,,,,,,,,,,,,,,,,,
rx5-full-exact1-schema100/tool-schema-gate/raw/090.json,tool-schema-gate,unknown,,,,,,,,,,,,,,,,,,,,,,,,,,,,,,,,
rx5-full-exact1-schema100/tool-schema-gate/raw/091.json,tool-schema-gate,unknown,,,,,,,,,,,,,,,,,,,,,,,,,,,,,,,,
rx5-full-exact1-schema100/tool-schema-gate/raw/092.json,tool-schema-gate,unknown,,,,,,,,,,,,,,,,,,,,,,,,,,,,,,,,
rx5-full-exact1-schema100/tool-schema-gate/raw/093.json,tool-schema-gate,unknown,,,,,,,,,,,,,,,,,,,,,,,,,,,,,,,,
rx5-full-exact1-schema100/tool-schema-gate/raw/094.json,tool-schema-gate,unknown,,,,,,,,,,,,,,,,,,,,,,,,,,,,,,,,
rx5-full-exact1-schema100/tool-schema-gate/raw/095.json,tool-schema-gate,unknown,,,,,,,,,,,,,,,,,,,,,,,,,,,,,,,,
rx5-full-exact1-schema100/tool-schema-gate/raw/096.json,tool-schema-gate,unknown,,,,,,,,,,,,,,,,,,,,,,,,,,,,,,,,
rx5-full-exact1-schema100/tool-schema-gate/raw/097.json,tool-schema-gate,unknown,,,,,,,,,,,,,,,,,,,,,,,,,,,,,,,,
rx5-full-exact1-schema100/tool-schema-gate/raw/098.json,tool-schema-gate,unknown,,,,,,,,,,,,,,,,,,,,,,,,,,,,,,,,
rx5-full-exact1-schema100/tool-schema-gate/raw/099.json,tool-schema-gate,unknown,,,,,,,,,,,,,,,,,,,,,,,,,,,,,,,,
rx5-full-exact1-schema100/tool-schema-gate/raw/100.json,tool-schema-gate,unknown,,,,,,,,,,,,,,,,,,,,,,,,,,,,,,,,
rx5-full-exact1-v2-schema100/raw/correctness_fixed.json,rx5-full-exact1-v2-schema100,correctness_fixed,,,,,,,,0,,,8,0,,,,,,,,,,,,,,,,,,,,
rx5-full-exact1-v2-schema100/raw/warmup_in128_out64_c1_r1.json,rx5-full-exact1-v2-schema100,warmup,128,64,1,1,2,on,0,0,2,0.726938032079488,2,0,2.7512661488886128,176.08103352887122,528.2431005866137,63.46453295554966,63.46453295554966,63.46453295554966,64.02698935708031,4.760059522509221,4.760059522509221,4.760059522509221,5.254908002181245,22.21363813926776,22.250141017138958,22.250141017138958,22.940815170295537,363.3482828736305,363.3482828736305,395.08619349449873,56.08465608465608,4.925925925925926
rx5-full-exact1-v2-schema100/tool-schema-gate/raw/001.json,tool-schema-gate,unknown,,,,,,,,,,,,,,,,,,,,,,,,,,,,,,,,
rx5-full-exact1-v2-schema100/tool-schema-gate/raw/002.json,tool-schema-gate,unknown,,,,,,,,,,,,,,,,,,,,,,,,,,,,,,,,
rx5-full-exact1-v2-schema100/tool-schema-gate/raw/003.json,tool-schema-gate,unknown,,,,,,,,,,,,,,,,,,,,,,,,,,,,,,,,
rx5-full-exact1-v2-schema100/tool-schema-gate/raw/004.json,tool-schema-gate,unknown,,,,,,,,,,,,,,,,,,,,,,,,,,,,,,,,
rx5-full-exact1-v2-schema100/tool-schema-gate/raw/005.json,tool-schema-gate,unknown,,,,,,,,,,,,,,,,,,,,,,,,,,,,,,,,
rx5-full-exact1-v2-schema100/tool-schema-gate/raw/006.json,tool-schema-gate,unknown,,,,,,,,,,,,,,,,,,,,,,,,,,,,,,,,
rx5-full-exact1-v2-schema100/tool-schema-gate/raw/007.json,tool-schema-gate,unknown,,,,,,,,,,,,,,,,,,,,,,,,,,,,,,,,
rx5-full-exact1-v2-schema100/tool-schema-gate/raw/008.json,tool-schema-gate,unknown,,,,,,,,,,,,,,,,,,,,,,,,,,,,,,,,
rx5-full-exact1-v2-schema100/tool-schema-gate/raw/009.json,tool-schema-gate,unknown,,,,,,,,,,,,,,,,,,,,,,,,,,,,,,,,
rx5-full-exact1-v2-schema100/tool-schema-gate/raw/010.json,tool-schema-gate,unknown,,,,,,,,,,,,,,,,,,,,,,,,,,,,,,,,
rx5-full-exact1-v2-schema100/tool-schema-gate/raw/011.json,tool-schema-gate,unknown,,,,,,,,,,,,,,,,,,,,,,,,,,,,,,,,
rx5-full-exact1-v2-schema100/tool-schema-gate/raw/012.json,tool-schema-gate,unknown,,,,,,,,,,,,,,,,,,,,,,,,,,,,,,,,
rx5-full-exact1-v2-schema100/tool-schema-gate/raw/013.json,tool-schema-gate,unknown,,,,,,,,,,,,,,,,,,,,,,,,,,,,,,,,
rx5-full-exact1-v2-schema100/tool-schema-gate/raw/014.json,tool-schema-gate,unknown,,,,,,,,,,,,,,,,,,,,,,,,,,,,,,,,
rx5-full-exact1-v2-schema100/tool-schema-gate/raw/015.json,tool-schema-gate,unknown,,,,,,,,,,,,,,,,,,,,,,,,,,,,,,,,
rx5-full-exact1-v2-schema100/tool-schema-gate/raw/016.json,tool-schema-gate,unknown,,,,,,,,,,,,,,,,,,,,,,,,,,,,,,,,
rx5-full-exact1-v2-schema100/tool-schema-gate/raw/017.json,tool-schema-gate,unknown,,,,,,,,,,,,,,,,,,,,,,,,,,,,,,,,
rx5-full-exact1-v2-schema100/tool-schema-gate/raw/018.json,tool-schema-gate,unknown,,,,,,,,,,,,,,,,,,,,,,,,,,,,,,,,
rx5-full-exact1-v2-schema100/tool-schema-gate/raw/019.json,tool-schema-gate,unknown,,,,,,,,,,,,,,,,,,,,,,,,,,,,,,,,
rx5-full-exact1-v2-schema100/tool-schema-gate/raw/020.json,tool-schema-gate,unknown,,,,,,,,,,,,,,,,,,,,,,,,,,,,,,,,
rx5-full-exact1-v2-schema100/tool-schema-gate/raw/021.json,tool-schema-gate,unknown,,,,,,,,,,,,,,,,,,,,,,,,,,,,,,,,
rx5-full-exact1-v2-schema100/tool-schema-gate/raw/022.json,tool-schema-gate,unknown,,,,,,,,,,,,,,,,,,,,,,,,,,,,,,,,
rx5-full-exact1-v2-schema100/tool-schema-gate/raw/023.json,tool-schema-gate,unknown,,,,,,,,,,,,,,,,,,,,,,,,,,,,,,,,
rx5-full-exact1-v2-schema100/tool-schema-gate/raw/024.json,tool-schema-gate,unknown,,,,,,,,,,,,,,,,,,,,,,,,,,,,,,,,
rx5-full-exact1-v2-schema100/tool-schema-gate/raw/025.json,tool-schema-gate,unknown,,,,,,,,,,,,,,,,,,,,,,,,,,,,,,,,
rx5-full-exact1-v2-schema100/tool-schema-gate/raw/026.json,tool-schema-gate,unknown,,,,,,,,,,,,,,,,,,,,,,,,,,,,,,,,
rx5-full-exact1-v2-schema100/tool-schema-gate/raw/027.json,tool-schema-gate,unknown,,,,,,,,,,,,,,,,,,,,,,,,,,,,,,,,
rx5-full-exact1-v2-schema100/tool-schema-gate/raw/028.json,tool-schema-gate,unknown,,,,,,,,,,,,,,,,,,,,,,,,,,,,,,,,
rx5-full-exact1-v2-schema100/tool-schema-gate/raw/029.json,tool-schema-gate,unknown,,,,,,,,,,,,,,,,,,,,,,,,,,,,,,,,
rx5-full-exact1-v2-schema100/tool-schema-gate/raw/030.json,tool-schema-gate,unknown,,,,,,,,,,,,,,,,,,,,,,,,,,,,,,,,
rx5-full-exact1-v2-schema100/tool-schema-gate/raw/031.json,tool-schema-gate,unknown,,,,,,,,,,,,,,,,,,,,,,,,,,,,,,,,
rx5-full-exact1-v2-schema100/tool-schema-gate/raw/032.json,tool-schema-gate,unknown,,,,,,,,,,,,,,,,,,,,,,,,,,,,,,,,
rx5-full-exact1-v2-schema100/tool-schema-gate/raw/033.json,tool-schema-gate,unknown,,,,,,,,,,,,,,,,,,,,,,,,,,,,,,,,
rx5-full-exact1-v2-schema100/tool-schema-gate/raw/034.json,tool-schema-gate,unknown,,,,,,,,,,,,,,,,,,,,,,,,,,,,,,,,
rx5-full-exact1-v2-schema100/tool-schema-gate/raw/035.json,tool-schema-gate,unknown,,,,,,,,,,,,,,,,,,,,,,,,,,,,,,,,
rx5-full-exact1-v2-schema100/tool-schema-gate/raw/036.json,tool-schema-gate,unknown,,,,,,,,,,,,,,,,,,,,,,,,,,,,,,,,
rx5-full-exact1-v2-schema100/tool-schema-gate/raw/037.json,tool-schema-gate,unknown,,,,,,,,,,,,,,,,,,,,,,,,,,,,,,,,
rx5-full-exact1-v2-schema100/tool-schema-gate/raw/038.json,tool-schema-gate,unknown,,,,,,,,,,,,,,,,,,,,,,,,,,,,,,,,
rx5-full-exact1-v2-schema100/tool-schema-gate/raw/039.json,tool-schema-gate,unknown,,,,,,,,,,,,,,,,,,,,,,,,,,,,,,,,
rx5-full-exact1-v2-schema100/tool-schema-gate/raw/040.json,tool-schema-gate,unknown,,,,,,,,,,,,,,,,,,,,,,,,,,,,,,,,
rx5-full-exact1-v2-schema100/tool-schema-gate/raw/041.json,tool-schema-gate,unknown,,,,,,,,,,,,,,,,,,,,,,,,,,,,,,,,
rx5-full-exact1-v2-schema100/tool-schema-gate/raw/042.json,tool-schema-gate,unknown,,,,,,,,,,,,,,,,,,,,,,,,,,,,,,,,
rx5-full-exact1-v2-schema100/tool-schema-gate/raw/043.json,tool-schema-gate,unknown,,,,,,,,,,,,,,,,,,,,,,,,,,,,,,,,
rx5-full-exact1-v2-schema100/tool-schema-gate/raw/044.json,tool-schema-gate,unknown,,,,,,,,,,,,,,,,,,,,,,,,,,,,,,,,
rx5-full-exact1-v2-schema100/tool-schema-gate/raw/045.json,tool-schema-gate,unknown,,,,,,,,,,,,,,,,,,,,,,,,,,,,,,,,
rx5-full-exact1-v2-schema100/tool-schema-gate/raw/046.json,tool-schema-gate,unknown,,,,,,,,,,,,,,,,,,,,,,,,,,,,,,,,
rx5-full-exact1-v2-schema100/tool-schema-gate/raw/047.json,tool-schema-gate,unknown,,,,,,,,,,,,,,,,,,,,,,,,,,,,,,,,
rx5-full-exact1-v2-schema100/tool-schema-gate/raw/048.json,tool-schema-gate,unknown,,,,,,,,,,,,,,,,,,,,,,,,,,,,,,,,
rx5-full-exact1-v2-schema100/tool-schema-gate/raw/049.json,tool-schema-gate,unknown,,,,,,,,,,,,,,,,,,,,,,,,,,,,,,,,
rx5-full-exact1-v2-schema100/tool-schema-gate/raw/050.json,tool-schema-gate,unknown,,,,,,,,,,,,,,,,,,,,,,,,,,,,,,,,
rx5-full-exact1-v2-schema100/tool-schema-gate/raw/051.json,tool-schema-gate,unknown,,,,,,,,,,,,,,,,,,,,,,,,,,,,,,,,
rx5-full-exact1-v2-schema100/tool-schema-gate/raw/052.json,tool-schema-gate,unknown,,,,,,,,,,,,,,,,,,,,,,,,,,,,,,,,
rx5-full-exact1-v2-schema100/tool-schema-gate/raw/053.json,tool-schema-gate,unknown,,,,,,,,,,,,,,,,,,,,,,,,,,,,,,,,
rx5-full-exact1-v2-schema100/tool-schema-gate/raw/054.json,tool-schema-gate,unknown,,,,,,,,,,,,,,,,,,,,,,,,,,,,,,,,
rx5-full-exact1-v2-schema100/tool-schema-gate/raw/055.json,tool-schema-gate,unknown,,,,,,,,,,,,,,,,,,,,,,,,,,,,,,,,
rx5-full-exact1-v2-schema100/tool-schema-gate/raw/056.json,tool-schema-gate,unknown,,,,,,,,,,,,,,,,,,,,,,,,,,,,,,,,
rx5-full-exact1-v2-schema100/tool-schema-gate/raw/057.json,tool-schema-gate,unknown,,,,,,,,,,,,,,,,,,,,,,,,,,,,,,,,
rx5-full-exact1-v2-schema100/tool-schema-gate/raw/058.json,tool-schema-gate,unknown,,,,,,,,,,,,,,,,,,,,,,,,,,,,,,,,
rx5-full-exact1-v2-schema100/tool-schema-gate/raw/059.json,tool-schema-gate,unknown,,,,,,,,,,,,,,,,,,,,,,,,,,,,,,,,
rx5-full-exact1-v2-schema100/tool-schema-gate/raw/060.json,tool-schema-gate,unknown,,,,,,,,,,,,,,,,,,,,,,,,,,,,,,,,
rx5-full-exact1-v2-schema100/tool-schema-gate/raw/061.json,tool-schema-gate,unknown,,,,,,,,,,,,,,,,,,,,,,,,,,,,,,,,
rx5-full-exact1-v2-schema100/tool-schema-gate/raw/062.json,tool-schema-gate,unknown,,,,,,,,,,,,,,,,,,,,,,,,,,,,,,,,
rx5-full-exact1-v2-schema100/tool-schema-gate/raw/063.json,tool-schema-gate,unknown,,,,,,,,,,,,,,,,,,,,,,,,,,,,,,,,
rx5-full-exact1-v2-schema100/tool-schema-gate/raw/064.json,tool-schema-gate,unknown,,,,,,,,,,,,,,,,,,,,,,,,,,,,,,,,
rx5-full-exact1-v2-schema100/tool-schema-gate/raw/065.json,tool-schema-gate,unknown,,,,,,,,,,,,,,,,,,,,,,,,,,,,,,,,
rx5-full-exact1-v2-schema100/tool-schema-gate/raw/066.json,tool-schema-gate,unknown,,,,,,,,,,,,,,,,,,,,,,,,,,,,,,,,
rx5-full-exact1-v2-schema100/tool-schema-gate/raw/067.json,tool-schema-gate,unknown,,,,,,,,,,,,,,,,,,,,,,,,,,,,,,,,
rx5-full-exact1-v2-schema100/tool-schema-gate/raw/068.json,tool-schema-gate,unknown,,,,,,,,,,,,,,,,,,,,,,,,,,,,,,,,
rx5-full-exact1-v2-schema100/tool-schema-gate/raw/069.json,tool-schema-gate,unknown,,,,,,,,,,,,,,,,,,,,,,,,,,,,,,,,
rx5-full-exact1-v2-schema100/tool-schema-gate/raw/070.json,tool-schema-gate,unknown,,,,,,,,,,,,,,,,,,,,,,,,,,,,,,,,
rx5-full-exact1-v2-schema100/tool-schema-gate/raw/071.json,tool-schema-gate,unknown,,,,,,,,,,,,,,,,,,,,,,,,,,,,,,,,
rx5-full-exact1-v2-schema100/tool-schema-gate/raw/072.json,tool-schema-gate,unknown,,,,,,,,,,,,,,,,,,,,,,,,,,,,,,,,
rx5-full-exact1-v2-schema100/tool-schema-gate/raw/073.json,tool-schema-gate,unknown,,,,,,,,,,,,,,,,,,,,,,,,,,,,,,,,
rx5-full-exact1-v2-schema100/tool-schema-gate/raw/074.json,tool-schema-gate,unknown,,,,,,,,,,,,,,,,,,,,,,,,,,,,,,,,
rx5-full-exact1-v2-schema100/tool-schema-gate/raw/075.json,tool-schema-gate,unknown,,,,,,,,,,,,,,,,,,,,,,,,,,,,,,,,
rx5-full-exact1-v2-schema100/tool-schema-gate/raw/076.json,tool-schema-gate,unknown,,,,,,,,,,,,,,,,,,,,,,,,,,,,,,,,
rx5-full-exact1-v2-schema100/tool-schema-gate/raw/077.json,tool-schema-gate,unknown,,,,,,,,,,,,,,,,,,,,,,,,,,,,,,,,
rx5-full-exact1-v2-schema100/tool-schema-gate/raw/078.json,tool-schema-gate,unknown,,,,,,,,,,,,,,,,,,,,,,,,,,,,,,,,
rx5-full-exact1-v2-schema100/tool-schema-gate/raw/079.json,tool-schema-gate,unknown,,,,,,,,,,,,,,,,,,,,,,,,,,,,,,,,
rx5-full-exact1-v2-schema100/tool-schema-gate/raw/080.json,tool-schema-gate,unknown,,,,,,,,,,,,,,,,,,,,,,,,,,,,,,,,
rx5-full-exact1-v2-schema100/tool-schema-gate/raw/081.json,tool-schema-gate,unknown,,,,,,,,,,,,,,,,,,,,,,,,,,,,,,,,
rx5-full-exact1-v2-schema100/tool-schema-gate/raw/082.json,tool-schema-gate,unknown,,,,,,,,,,,,,,,,,,,,,,,,,,,,,,,,
rx5-full-exact1-v2-schema100/tool-schema-gate/raw/083.json,tool-schema-gate,unknown,,,,,,,,,,,,,,,,,,,,,,,,,,,,,,,,
rx5-full-exact1-v2-schema100/tool-schema-gate/raw/084.json,tool-schema-gate,unknown,,,,,,,,,,,,,,,,,,,,,,,,,,,,,,,,
rx5-full-exact1-v2-schema100/tool-schema-gate/raw/085.json,tool-schema-gate,unknown,,,,,,,,,,,,,,,,,,,,,,,,,,,,,,,,
rx5-full-exact1-v2-schema100/tool-schema-gate/raw/086.json,tool-schema-gate,unknown,,,,,,,,,,,,,,,,,,,,,,,,,,,,,,,,
rx5-full-exact1-v2-schema100/tool-schema-gate/raw/087.json,tool-schema-gate,unknown,,,,,,,,,,,,,,,,,,,,,,,,,,,,,,,,
rx5-full-exact1-v2-schema100/tool-schema-gate/raw/088.json,tool-schema-gate,unknown,,,,,,,,,,,,,,,,,,,,,,,,,,,,,,,,
rx5-full-exact1-v2-schema100/tool-schema-gate/raw/089.json,tool-schema-gate,unknown,,,,,,,,,,,,,,,,,,,,,,,,,,,,,,,,
rx5-full-exact1-v2-schema100/tool-schema-gate/raw/090.json,tool-schema-gate,unknown,,,,,,,,,,,,,,,,,,,,,,,,,,,,,,,,
rx5-full-exact1-v2-schema100/tool-schema-gate/raw/091.json,tool-schema-gate,unknown,,,,,,,,,,,,,,,,,,,,,,,,,,,,,,,,
rx5-full-exact1-v2-schema100/tool-schema-gate/raw/092.json,tool-schema-gate,unknown,,,,,,,,,,,,,,,,,,,,,,,,,,,,,,,,
rx5-full-exact1-v2-schema100/tool-schema-gate/raw/093.json,tool-schema-gate,unknown,,,,,,,,,,,,,,,,,,,,,,,,,,,,,,,,
rx5-full-exact1-v2-schema100/tool-schema-gate/raw/094.json,tool-schema-gate,unknown,,,,,,,,,,,,,,,,,,,,,,,,,,,,,,,,
rx5-full-exact1-v2-schema100/tool-schema-gate/raw/095.json,tool-schema-gate,unknown,,,,,,,,,,,,,,,,,,,,,,,,,,,,,,,,
rx5-full-exact1-v2-schema100/tool-schema-gate/raw/096.json,tool-schema-gate,unknown,,,,,,,,,,,,,,,,,,,,,,,,,,,,,,,,
rx5-full-exact1-v2-schema100/tool-schema-gate/raw/097.json,tool-schema-gate,unknown,,,,,,,,,,,,,,,,,,,,,,,,,,,,,,,,
rx5-full-exact1-v2-schema100/tool-schema-gate/raw/098.json,tool-schema-gate,unknown,,,,,,,,,,,,,,,,,,,,,,,,,,,,,,,,
rx5-full-exact1-v2-schema100/tool-schema-gate/raw/099.json,tool-schema-gate,unknown,,,,,,,,,,,,,,,,,,,,,,,,,,,,,,,,
rx5-full-exact1-v2-schema100/tool-schema-gate/raw/100.json,tool-schema-gate,unknown,,,,,,,,,,,,,,,,,,,,,,,,,,,,,,,,
rx5-full-smoke/raw/smoke_in128_out64_c1_r1.json,rx5-full-smoke,smoke,128,64,1,1,2,on,0,0,2,0.6261795239988714,2,0,3.193972212996867,204.41422163179948,613.2426648953984,62.33476707711816,62.33476707711816,62.33476707711816,62.73463453631849,3.978503363517424,3.978503363517424,3.978503363517424,4.170002176478092,21.79531795580102,21.822453942149878,21.822453942149878,22.429355001077056,312.98047897871584,312.98047897871584,325.4447716544382,66.45962732919256,5.6521739130434785
rx5-full-v2-quick/raw/context_quick_in8128_out64_c1_r1.json,rx5-full-v2-quick,context_quick,8128,64,1,1,2,on,0,0,1,1.851543340831995,1,0,0.5400899768031613,34.56575851540232,4424.417089971497,1575.586742023006,1575.586742023006,1575.586742023006,1575.586742023006,4.378071934398677,4.378071934398677,4.378071934398677,4.378071934398677,25.0744383612817,24.60287814028561,24.60287814028561,30.810657772235576,1851.4052738901228,1851.4052738901228,1851.4052738901228,72.22222222222221,5.7272727272727275
rx5-full-v2-quick/raw/correctness_fixed.json,rx5-full-v2-quick,correctness_fixed,,,,,,,,0,,,8,0,,,,,,,,,,,,,,,,,,,,
rx5-full-v2-quick/raw/decode_in256_out256_c1_r1.json,rx5-full-v2-quick,decode,256,256,1,1,2,on,0,0,4,7.14255172200501,4,0,0.5600239460187131,143.36613018079055,286.7322603615811,79.15464276447892,79.30259802378714,79.30259802378714,79.41554353339598,6.691743094273204,6.0634328883287365,6.0634328883287365,11.389082925814185,22.526663552090625,22.51451904885471,22.51451904885471,23.107885411009192,1785.5491318041459,1625.5122096044943,2983.5673465090804,34.13484205563414,3.3894389438943895
rx5-full-v2-quick/raw/decode_in256_out256_c1_r2.json,rx5-full-v2-quick,decode,256,256,1,2,2,on,0,0,4,4.227434347150847,4,0,0.9462003833828595,242.22729814601203,484.45459629202406,79.91845620563254,80.54616954177618,80.54616954177618,80.76253025559708,3.830783654177817,3.3297218884542295,3.3297218884542295,5.428283888901419,22.58613258277233,22.58149813860655,22.58149813860655,23.267028033733368,1056.768288020976,929.8118985025212,1464.6128259599207,71.92402972749794,6.034682080924855
rx5-full-v2-quick/raw/decode_in256_out256_c2_r1.json,rx5-full-v2-quick,decode,256,256,2,1,2,on,0,0,4,4.5921737879980356,4,0,0.8710471738796727,222.9880765131962,445.9761530263924,134.0253389789723,135.94401394948363,135.94401394948363,184.91302902577445,7.790304046105958,7.402589199973233,7.402589199973233,12.382966283033145,25.46830386899483,24.828265537507832,24.828265537507832,25.790252587758005,2120.5528707359917,2019.7669100016356,3295.309396942612,32.92124542124542,3.3044871794871793
rx5-full-v2-quick/raw/decode_in256_out256_c2_r2.json,rx5-full-v2-quick,decode,256,256,2,2,2,on,0,0,4,5.674988747108728,4,0,0.7048472126112858,180.44088642848916,360.88177285697833,133.90290073584765,135.8768700156361,135.8768700156361,184.0048388089053,8.585128619554727,9.962716625601637,9.962716625601637,10.983845626716228,25.01952029099422,24.81138543225825,24.81138543225825,25.76608073199168,2323.110698722303,2676.3696095440537,2880.9891799348406,27.510204081632654,2.9257142857142857
rx5-full-v2-quick/raw/decode_in256_out256_c4_r1.json,rx5-full-v2-quick,decode,256,256,4,1,2,on,0,0,8,5.213649765122682,8,0,1.5344337192568884,392.81503212976344,785.6300642595269,184.39962805132382,147.29300688486546,147.29300688486546,270.0300430227071,8.55053839771369,7.534191635546876,7.534191635546876,17.558508606490626,32.36196595736553,30.859719030559063,30.859719030559063,118.64461760036647,2364.7869194683153,2129.7081449301913,4569.2468902422115,40.127219719056455,3.8089053803339517
rx5-full-v2-quick/raw/decode_in256_out256_c4_r2.json,rx5-full-v2-quick,decode,256,256,4,2,2,on,0,0,8,4.637865326134488,8,0,1.72493150133528,441.58246434183167,883.1649286836633,184.306830749847,147.08856982178986,147.08856982178986,269.8958028736524,7.224714578992193,6.227088319228998,6.227088319228998,13.650650406137618,32.971854745649985,30.906307976692915,30.906307976692915,118.28802002593875,2026.6090483928565,1796.1572376079857,3741.821675507817,51.8056887184404,4.626398210290828
rx5-full-v2-quick/raw/decode_in256_out256_c8_r1.json,rx5-full-v2-quick,decode,256,256,8,1,2,on,0,0,16,6.655142941046506,16,0,2.4041557246378296,615.4638655072844,1230.9277310145687,307.82813476980664,269.8936410015449,269.8936410015449,466.6649920749478,9.646408462511173,7.8037210215138755,7.8037210215138755,21.05274031504842,45.13457396447898,44.03072106651962,44.03072106651962,126.93732385290788,2767.662292710156,2331.7862146068364,5789.025190693791,67.39760033098882,4.736238532110091
rx5-full-v2-quick/raw/decode_in256_out256_c8_r2.json,rx5-full-v2-quick,decode,256,256,8,2,2,on,0,0,16,7.321496295975521,16,0,2.1853456388135957,559.4484835362805,1118.896967072561,302.75338134379126,253.19458940066397,253.19458940066397,468.3272192138247,11.485946301300096,9.955356711996536,9.955356711996536,26.45475648535306,43.7968814295116,39.443026995286345,39.443026995286345,127.8762691328302,3231.669688175316,2879.912632983178,7155.289209354669,55.931579915394515,3.8420560747663552
rx5-full-v2-quick/raw/prefill_in2048_out64_c1_r1.json,rx5-full-v2-quick,prefill,2048,64,1,1,2,on,0,0,2,2.0638028010725975,2,0,0.969084836477866,62.021429534583426,2046.707174641253,385.4855104582384,385.4855104582384,385.4855104582384,391.91995572065935,10.258835976913808,10.258835976913808,10.258835976913808,11.203164264323219,24.388946658703237,24.193085031583905,24.193085031583905,29.268516385927796,1031.7921770038083,1031.7921770038083,1097.7193043730222,20.754716981132077,2.452830188679245
rx5-full-v2-quick/raw/prefill_in2048_out64_c4_r1.json,rx5-full-v2-quick,prefill,2048,64,4,1,2,on,0,0,8,4.914236989803612,8,0,1.6279231173830109,104.1870795125127,3438.173623912919,874.6759592613671,665.9372460562736,665.9372460562736,1604.2906044330448,21.756527474656373,20.10624457727231,20.10624457727231,41.159110080583815,64.12451086043004,32.66606293618679,32.66606293618679,449.8512086458504,2245.337190164719,2075.1616989728063,3766.065300514456,29.82456140350877,3.087719298245614
rx5-full-v2-quick/raw/prefill_in2048_out64_c8_r1.json,rx5-full-v2-quick,prefill,2048,64,8,1,2,on,0,0,16,8.725875013973564,16,0,1.833626997221218,117.35212782215795,3872.6202181312124,1443.3154759608442,1188.518448965624,1188.518448965624,3197.2050199634396,41.38544802660204,42.047476436617586,42.047476436617586,89.06953672893226,117.5113634921243,38.92266401089728,38.92266401089728,785.8698084903881,4050.5987016367726,4094.2743780324236,7687.860027747228,43.37957124842371,2.9380281690140846
rx5-full-v2-quick/raw/warmup_in128_out64_c1_r1.json,rx5-full-v2-quick,warmup,128,64,1,1,2,on,0,0,2,0.7257594470866024,2,0,2.755734021828512,176.36697739702475,529.1009321910743,63.04124998860061,63.04124998860061,63.04124998860061,63.82348395884037,4.757607937790453,4.757607937790453,4.757607937790453,5.255068894216998,22.20220111862377,22.266271989792585,22.266271989792585,22.791865174658597,362.7705500693992,362.7705500693992,393.3283563540317,56.08465608465608,4.925925925925926
rx5-full-v2-quick/tool-schema-gate/raw/001.json,tool-schema-gate,unknown,,,,,,,,,,,,,,,,,,,,,,,,,,,,,,,,
rx5-full-v2-quick/tool-schema-gate/raw/002.json,tool-schema-gate,unknown,,,,,,,,,,,,,,,,,,,,,,,,,,,,,,,,
rx5-full-v2-quick/tool-schema-gate/raw/003.json,tool-schema-gate,unknown,,,,,,,,,,,,,,,,,,,,,,,,,,,,,,,,
rx5-full-v2-quick/tool-schema-gate/raw/004.json,tool-schema-gate,unknown,,,,,,,,,,,,,,,,,,,,,,,,,,,,,,,,
rx5-full-v2-quick/tool-schema-gate/raw/005.json,tool-schema-gate,unknown,,,,,,,,,,,,,,,,,,,,,,,,,,,,,,,,
rx5-full-v2-quick/tool-schema-gate/raw/006.json,tool-schema-gate,unknown,,,,,,,,,,,,,,,,,,,,,,,,,,,,,,,,
rx5-full-v2-quick/tool-schema-gate/raw/007.json,tool-schema-gate,unknown,,,,,,,,,,,,,,,,,,,,,,,,,,,,,,,,
rx5-full-v2-quick/tool-schema-gate/raw/008.json,tool-schema-gate,unknown,,,,,,,,,,,,,,,,,,,,,,,,,,,,,,,,
rx5-full-v2-quick/tool-schema-gate/raw/009.json,tool-schema-gate,unknown,,,,,,,,,,,,,,,,,,,,,,,,,,,,,,,,
rx5-full-v2-quick/tool-schema-gate/raw/010.json,tool-schema-gate,unknown,,,,,,,,,,,,,,,,,,,,,,,,,,,,,,,,
rx5-full-v2-quick/tool-schema-gate/raw/011.json,tool-schema-gate,unknown,,,,,,,,,,,,,,,,,,,,,,,,,,,,,,,,
rx5-full-v2-quick/tool-schema-gate/raw/012.json,tool-schema-gate,unknown,,,,,,,,,,,,,,,,,,,,,,,,,,,,,,,,
rx5-full-v2-quick/tool-schema-gate/raw/013.json,tool-schema-gate,unknown,,,,,,,,,,,,,,,,,,,,,,,,,,,,,,,,
rx5-full-v2-quick/tool-schema-gate/raw/014.json,tool-schema-gate,unknown,,,,,,,,,,,,,,,,,,,,,,,,,,,,,,,,
rx5-full-v2-quick/tool-schema-gate/raw/015.json,tool-schema-gate,unknown,,,,,,,,,,,,,,,,,,,,,,,,,,,,,,,,
rx5-full-v2-quick/tool-schema-gate/raw/016.json,tool-schema-gate,unknown,,,,,,,,,,,,,,,,,,,,,,,,,,,,,,,,
rx5-full-v2-quick/tool-schema-gate/raw/017.json,tool-schema-gate,unknown,,,,,,,,,,,,,,,,,,,,,,,,,,,,,,,,
rx5-full-v2-quick/tool-schema-gate/raw/018.json,tool-schema-gate,unknown,,,,,,,,,,,,,,,,,,,,,,,,,,,,,,,,
rx5-full-v2-quick/tool-schema-gate/raw/019.json,tool-schema-gate,unknown,,,,,,,,,,,,,,,,,,,,,,,,,,,,,,,,
rx5-full-v2-quick/tool-schema-gate/raw/020.json,tool-schema-gate,unknown,,,,,,,,,,,,,,,,,,,,,,,,,,,,,,,,
rx5-full-v2-quick/tool-schema-gate/raw/021.json,tool-schema-gate,unknown,,,,,,,,,,,,,,,,,,,,,,,,,,,,,,,,
rx5-full-v2-quick/tool-schema-gate/raw/022.json,tool-schema-gate,unknown,,,,,,,,,,,,,,,,,,,,,,,,,,,,,,,,
rx5-full-v2-quick/tool-schema-gate/raw/023.json,tool-schema-gate,unknown,,,,,,,,,,,,,,,,,,,,,,,,,,,,,,,,
rx5-full-v2-quick/tool-schema-gate/raw/024.json,tool-schema-gate,unknown,,,,,,,,,,,,,,,,,,,,,,,,,,,,,,,,
rx5-full-v2-quick/tool-schema-gate/raw/025.json,tool-schema-gate,unknown,,,,,,,,,,,,,,,,,,,,,,,,,,,,,,,,
rx5-full-v2-quick/tool-schema-gate/raw/026.json,tool-schema-gate,unknown,,,,,,,,,,,,,,,,,,,,,,,,,,,,,,,,
rx5-full-v2-quick/tool-schema-gate/raw/027.json,tool-schema-gate,unknown,,,,,,,,,,,,,,,,,,,,,,,,,,,,,,,,
rx5-full-v2-quick/tool-schema-gate/raw/028.json,tool-schema-gate,unknown,,,,,,,,,,,,,,,,,,,,,,,,,,,,,,,,
rx5-full-v2-quick/tool-schema-gate/raw/029.json,tool-schema-gate,unknown,,,,,,,,,,,,,,,,,,,,,,,,,,,,,,,,
rx5-full-v2-quick/tool-schema-gate/raw/030.json,tool-schema-gate,unknown,,,,,,,,,,,,,,,,,,,,,,,,,,,,,,,,
rx5-gnq-v2-quick/raw/context_quick_in8128_out64_c1_r1.json,rx5-gnq-v2-quick,context_quick,8128,64,1,1,2,on,0,0,1,2.093364729080349,1,0,0.4776998418423325,30.57278987790928,3913.317104372388,1793.4853420592844,1793.4853420592844,1793.4853420592844,1793.4853420592844,4.757862205484083,4.757862205484083,4.757862205484083,4.757862205484083,27.249600822952658,26.68018196709454,26.68018196709454,33.22307968046517,2093.2306610047817,2093.2306610047817,2093.2306610047817,72.22222222222221,5.7272727272727275
rx5-gnq-v2-quick/raw/correctness_fixed.json,rx5-gnq-v2-quick,correctness_fixed,,,,,,,,0,,,8,0,,,,,,,,,,,,,,,,,,,,
rx5-gnq-v2-quick/raw/decode_in256_out256_c1_r1.json,rx5-gnq-v2-quick,decode,256,256,1,1,2,on,0,0,4,7.155978627037257,4,0,0.5589731619497715,143.0971294591415,286.194258918283,76.47780422121286,76.63122401572764,76.63122401572764,77.404431886971,6.715355928548996,5.386545347031571,5.386545347031571,12.45845631562977,24.728029665439674,24.735014885663986,24.735014885663986,25.34158520400524,1788.8935660012066,1450.5232720403,3253.703581453301,38.628158844765345,3.703971119133574
rx5-gnq-v2-quick/raw/decode_in256_out256_c1_r2.json,rx5-gnq-v2-quick,decode,256,256,1,2,2,on,0,0,4,4.612573250895366,4,0,0.867194900205334,222.0018944525655,444.003788905131,77.21228647278622,77.05844193696976,77.05844193696976,77.77425736188889,4.218980471840968,3.7294399413261927,3.7294399413261927,5.859810959328622,24.731963455420118,24.720555054955184,24.720555054955184,25.671258701477203,1153.0523067922331,1028.3733160467818,1571.2566773011347,70.77175697865353,5.954022988505747
rx5-gnq-v2-quick/raw/decode_in256_out256_c2_r1.json,rx5-gnq-v2-quick,decode,256,256,2,1,2,on,0,0,4,4.129039056133479,4,0,0.968748405045528,247.99959169165516,495.9991833833103,131.00625202059746,134.5541625050828,134.5541625050828,178.53720933198926,6.730609260015555,5.98223585699338,5.98223585699338,10.246847169756816,28.368687416880952,27.77013892773539,27.77013892773539,73.94562433008132,1847.311613324564,1630.2211115835235,2791.4788169134404,46.221959858323494,4.235537190082645
rx5-gnq-v2-quick/raw/decode_in256_out256_c2_r2.json,rx5-gnq-v2-quick,decode,256,256,2,2,2,on,0,0,4,5.492872439092025,4,0,0.7282164376388107,186.42340803553554,372.8468160710711,131.94701296743006,134.04061493929476,134.04061493929476,180.7992061297409,9.788623393978924,9.42775913532458,9.42775913532458,16.392661925012646,28.364763130163986,27.825353434309363,27.825353434309363,29.2562931869179,2628.0459784320556,2509.7626304486766,4360.919701221865,27.394480519480517,2.9176136363636367
rx5-gnq-v2-quick/raw/decode_in256_out256_c4_r1.json,rx5-gnq-v2-quick,decode,256,256,4,1,2,on,0,0,8,8.034318797988817,8,0,0.9957284744541867,254.90648946027179,509.81297892054357,190.82581493421458,147.41549594327807,147.41549594327807,287.6601775200106,10.28529171039825,8.506202443009789,8.506202443009789,18.42224415755995,33.95145049983256,34.2919840477407,34.2919840477407,115.11818089289591,2813.5752010857686,2280.1583888940513,4854.509031851776,33.10217290799815,3.3171521035598706
rx5-gnq-v2-quick/raw/decode_in256_out256_c4_r2.json,rx5-gnq-v2-quick,decode,256,256,4,2,2,on,0,0,8,5.036067883949727,8,0,1.5885409379600532,406.66648011777363,813.3329602355473,201.32310508051887,187.00903689023107,187.00903689023107,289.4364636717364,8.437647721981264,7.452900982553176,7.452900982553176,15.950474469858564,36.23747910078811,34.41960201598704,34.41960201598704,114.42259007133543,2352.9232741857413,2087.480357498862,4346.194534334353,47.72932330827068,4.341052631578947
rx5-gnq-v2-quick/raw/decode_in256_out256_c8_r1.json,rx5-gnq-v2-quick,decode,256,256,8,1,2,on,0,0,16,7.647866802988574,16,0,2.0920866448337785,535.5741810774473,1071.1483621548946,337.84400105651,271.0558215621859,271.0558215621859,516.5295363636687,10.330131039018834,8.923824319579438,8.923824319579438,20.800918472163815,47.677530383488914,47.1878134412691,47.1878134412691,122.98233293229714,2972.0274160063127,2555.457704467699,5794.478759996126,64.16139240506328,4.669683257918551
rx5-gnq-v2-quick/raw/decode_in256_out256_c8_r2.json,rx5-gnq-v2-quick,decode,256,256,8,2,2,on,0,0,16,8.063165673986077,16,0,1.9843322891926016,507.989066033306,1015.978132066612,318.30562390678097,203.46013049129397,203.46013049129397,519.9180068681017,12.616086231576569,9.027656480925632,9.027656480925632,29.0128750531642,46.33090353292572,42.665014043450356,42.665014043450356,122.26526692975312,3535.4076129588066,2774.2549574468285,7867.410448170267,55.68496949528563,3.711071107110711
rx5-gnq-v2-quick/raw/prefill_in2048_out64_c1_r1.json,rx5-gnq-v2-quick,prefill,2048,64,1,1,2,on,0,0,2,2.395055396016687,2,0,0.8350537542164078,53.4434402698501,1763.6335289050533,435.84133603144437,435.84133603144437,435.84133603144437,444.77474852697924,12.088520784995385,12.088520784995385,12.088520784995385,14.776961621754461,26.72201138921082,26.535914978012443,26.535914978012443,32.011554231867194,1197.4181454861537,1197.4181454861537,1375.7233306975104,18.796992481203006,2.3157894736842106
rx5-gnq-v2-quick/raw/prefill_in2048_out64_c4_r1.json,rx5-gnq-v2-quick,prefill,2048,64,4,1,2,on,0,0,8,5.318549313116819,8,0,1.504169563732366,96.26685207887142,3176.806118602757,1028.4264369984157,938.1193416193128,938.1193416193128,1796.7472798656672,21.17359236581251,17.532658310503596,17.532658310503596,49.55799680879516,69.74831302163307,36.062594037503004,36.062594037503004,678.5834556259176,2362.362756044604,2014.224751968868,3668.2555672433227,35.48085901027078,3.4836601307189543
rx5-gnq-v2-quick/raw/prefill_in2048_out64_c8_r1.json,rx5-gnq-v2-quick,prefill,2048,64,8,1,2,on,0,0,16,9.676593197043985,16,0,1.6534744898532776,105.82236735060977,3492.1381225701225,1683.6324684118154,1356.0553774004802,1356.0553774004802,3619.650986639317,44.65136193210215,40.80097059467955,40.80097059467955,90.27420065831393,130.45963848050198,43.08386705815792,43.08386705815792,895.4840160999448,4496.668270134251,4578.194353496656,8563.314922270365,43.54838709677419,3.034782608695652
rx5-gnq-v2-quick/raw/warmup_in128_out64_c1_r1.json,rx5-gnq-v2-quick,warmup,128,64,1,1,2,on,0,0,2,0.7865589999128133,2,0,2.542720889623908,162.7341369359301,488.20241080779033,64.55596699379385,64.55596699379385,64.55596699379385,64.57015736494213,5.216128261212909,5.216128261212909,5.216128261212909,5.760474667389182,24.341973001827245,24.405101081356406,24.405101081356406,24.944861051626503,393.1720474502072,393.1720474502072,427.4800614104606,53.43915343915344,4.7407407407407405
rx5-gnq-v2-quick/tool-schema-gate/raw/001.json,tool-schema-gate,unknown,,,,,,,,,,,,,,,,,,,,,,,,,,,,,,,,
rx5-gnq-v2-quick/tool-schema-gate/raw/002.json,tool-schema-gate,unknown,,,,,,,,,,,,,,,,,,,,,,,,,,,,,,,,
rx5-gnq-v2-quick/tool-schema-gate/raw/003.json,tool-schema-gate,unknown,,,,,,,,,,,,,,,,,,,,,,,,,,,,,,,,
rx5-gnq-v2-quick/tool-schema-gate/raw/004.json,tool-schema-gate,unknown,,,,,,,,,,,,,,,,,,,,,,,,,,,,,,,,
rx5-gnq-v2-quick/tool-schema-gate/raw/005.json,tool-schema-gate,unknown,,,,,,,,,,,,,,,,,,,,,,,,,,,,,,,,
rx5-gnq-v2-quick/tool-schema-gate/raw/006.json,tool-schema-gate,unknown,,,,,,,,,,,,,,,,,,,,,,,,,,,,,,,,
rx5-gnq-v2-quick/tool-schema-gate/raw/007.json,tool-schema-gate,unknown,,,,,,,,,,,,,,,,,,,,,,,,,,,,,,,,
rx5-gnq-v2-quick/tool-schema-gate/raw/008.json,tool-schema-gate,unknown,,,,,,,,,,,,,,,,,,,,,,,,,,,,,,,,
rx5-gnq-v2-quick/tool-schema-gate/raw/009.json,tool-schema-gate,unknown,,,,,,,,,,,,,,,,,,,,,,,,,,,,,,,,
rx5-gnq-v2-quick/tool-schema-gate/raw/010.json,tool-schema-gate,unknown,,,,,,,,,,,,,,,,,,,,,,,,,,,,,,,,
rx5-gnq-v2-quick/tool-schema-gate/raw/011.json,tool-schema-gate,unknown,,,,,,,,,,,,,,,,,,,,,,,,,,,,,,,,
rx5-gnq-v2-quick/tool-schema-gate/raw/012.json,tool-schema-gate,unknown,,,,,,,,,,,,,,,,,,,,,,,,,,,,,,,,
rx5-gnq-v2-quick/tool-schema-gate/raw/013.json,tool-schema-gate,unknown,,,,,,,,,,,,,,,,,,,,,,,,,,,,,,,,
rx5-gnq-v2-quick/tool-schema-gate/raw/014.json,tool-schema-gate,unknown,,,,,,,,,,,,,,,,,,,,,,,,,,,,,,,,
rx5-gnq-v2-quick/tool-schema-gate/raw/015.json,tool-schema-gate,unknown,,,,,,,,,,,,,,,,,,,,,,,,,,,,,,,,
rx5-gnq-v2-quick/tool-schema-gate/raw/016.json,tool-schema-gate,unknown,,,,,,,,,,,,,,,,,,,,,,,,,,,,,,,,
rx5-gnq-v2-quick/tool-schema-gate/raw/017.json,tool-schema-gate,unknown,,,,,,,,,,,,,,,,,,,,,,,,,,,,,,,,
rx5-gnq-v2-quick/tool-schema-gate/raw/018.json,tool-schema-gate,unknown,,,,,,,,,,,,,,,,,,,,,,,,,,,,,,,,
rx5-gnq-v2-quick/tool-schema-gate/raw/019.json,tool-schema-gate,unknown,,,,,,,,,,,,,,,,,,,,,,,,,,,,,,,,
rx5-gnq-v2-quick/tool-schema-gate/raw/020.json,tool-schema-gate,unknown,,,,,,,,,,,,,,,,,,,,,,,,,,,,,,,,
rx5-gnq-v2-quick/tool-schema-gate/raw/021.json,tool-schema-gate,unknown,,,,,,,,,,,,,,,,,,,,,,,,,,,,,,,,
rx5-gnq-v2-quick/tool-schema-gate/raw/022.json,tool-schema-gate,unknown,,,,,,,,,,,,,,,,,,,,,,,,,,,,,,,,
rx5-gnq-v2-quick/tool-schema-gate/raw/023.json,tool-schema-gate,unknown,,,,,,,,,,,,,,,,,,,,,,,,,,,,,,,,
rx5-gnq-v2-quick/tool-schema-gate/raw/024.json,tool-schema-gate,unknown,,,,,,,,,,,,,,,,,,,,,,,,,,,,,,,,
rx5-gnq-v2-quick/tool-schema-gate/raw/025.json,tool-schema-gate,unknown,,,,,,,,,,,,,,,,,,,,,,,,,,,,,,,,
rx5-gnq-v2-quick/tool-schema-gate/raw/026.json,tool-schema-gate,unknown,,,,,,,,,,,,,,,,,,,,,,,,,,,,,,,,
rx5-gnq-v2-quick/tool-schema-gate/raw/027.json,tool-schema-gate,unknown,,,,,,,,,,,,,,,,,,,,,,,,,,,,,,,,
rx5-gnq-v2-quick/tool-schema-gate/raw/028.json,tool-schema-gate,unknown,,,,,,,,,,,,,,,,,,,,,,,,,,,,,,,,
rx5-gnq-v2-quick/tool-schema-gate/raw/029.json,tool-schema-gate,unknown,,,,,,,,,,,,,,,,,,,,,,,,,,,,,,,,
rx5-gnq-v2-quick/tool-schema-gate/raw/030.json,tool-schema-gate,unknown,,,,,,,,,,,,,,,,,,,,,,,,,,,,,,,,
rx5-gnq-v2-smoke/raw/smoke_in128_out64_c1_r1.json,rx5-gnq-v2-smoke,smoke,128,64,1,1,2,on,0,0,2,0.7864721920341253,2,0,2.5430015457090938,162.752098925382,488.25629677614603,65.12512743938714,65.12512743938714,65.12512743938714,65.4053343902342,5.2060946112587345,5.2060946112587345,5.2060946112587345,5.746746012453167,24.295131512055242,24.303071899339557,24.303071899339557,25.146114947274327,393.1090879486874,393.1090879486874,427.45033317478374,53.43915343915344,4.7407407407407405
rx5-nqf-wperm-nt-nospec-schema100/raw/correctness_fixed.json,rx5-nqf-wperm-nt-nospec-schema100,correctness_fixed,,,,,,,,0,,,8,0,,,,,,,,,,,,,,,,,,,,
rx5-nqf-wperm-nt-nospec-schema100/raw/warmup_in128_out64_c1_r1.json,rx5-nqf-wperm-nt-nospec-schema100,warmup,128,64,1,1,2,off,0,0,2,2.4285890951287,2,0,0.8235234210726011,52.70549894864647,158.11649684593942,62.00812442693859,62.00812442693859,62.00812442693859,62.08736071130261,18.28843245231029,18.28843245231029,18.28843245231029,18.30374639041515,18.28843824535845,18.25621898751706,18.25621898751706,18.868543673306704,1214.179368922487,1214.179368922487,1215.064910738729,,
rx5-nqf-wperm-nt-nospec-schema100/tool-schema-gate/raw/001.json,tool-schema-gate,unknown,,,,,,,,,,,,,,,,,,,,,,,,,,,,,,,,
rx5-nqf-wperm-nt-nospec-schema100/tool-schema-gate/raw/002.json,tool-schema-gate,unknown,,,,,,,,,,,,,,,,,,,,,,,,,,,,,,,,
rx5-nqf-wperm-nt-nospec-schema100/tool-schema-gate/raw/003.json,tool-schema-gate,unknown,,,,,,,,,,,,,,,,,,,,,,,,,,,,,,,,
rx5-nqf-wperm-nt-nospec-schema100/tool-schema-gate/raw/004.json,tool-schema-gate,unknown,,,,,,,,,,,,,,,,,,,,,,,,,,,,,,,,
rx5-nqf-wperm-nt-nospec-schema100/tool-schema-gate/raw/005.json,tool-schema-gate,unknown,,,,,,,,,,,,,,,,,,,,,,,,,,,,,,,,
rx5-nqf-wperm-nt-nospec-schema100/tool-schema-gate/raw/006.json,tool-schema-gate,unknown,,,,,,,,,,,,,,,,,,,,,,,,,,,,,,,,
rx5-nqf-wperm-nt-nospec-schema100/tool-schema-gate/raw/007.json,tool-schema-gate,unknown,,,,,,,,,,,,,,,,,,,,,,,,,,,,,,,,
rx5-nqf-wperm-nt-nospec-schema100/tool-schema-gate/raw/008.json,tool-schema-gate,unknown,,,,,,,,,,,,,,,,,,,,,,,,,,,,,,,,
rx5-nqf-wperm-nt-nospec-schema100/tool-schema-gate/raw/009.json,tool-schema-gate,unknown,,,,,,,,,,,,,,,,,,,,,,,,,,,,,,,,
rx5-nqf-wperm-nt-nospec-schema100/tool-schema-gate/raw/010.json,tool-schema-gate,unknown,,,,,,,,,,,,,,,,,,,,,,,,,,,,,,,,
rx5-nqf-wperm-nt-nospec-schema100/tool-schema-gate/raw/011.json,tool-schema-gate,unknown,,,,,,,,,,,,,,,,,,,,,,,,,,,,,,,,
rx5-nqf-wperm-nt-nospec-schema100/tool-schema-gate/raw/012.json,tool-schema-gate,unknown,,,,,,,,,,,,,,,,,,,,,,,,,,,,,,,,
rx5-nqf-wperm-nt-nospec-schema100/tool-schema-gate/raw/013.json,tool-schema-gate,unknown,,,,,,,,,,,,,,,,,,,,,,,,,,,,,,,,
rx5-nqf-wperm-nt-nospec-schema100/tool-schema-gate/raw/014.json,tool-schema-gate,unknown,,,,,,,,,,,,,,,,,,,,,,,,,,,,,,,,
rx5-nqf-wperm-nt-nospec-schema100/tool-schema-gate/raw/015.json,tool-schema-gate,unknown,,,,,,,,,,,,,,,,,,,,,,,,,,,,,,,,
rx5-nqf-wperm-nt-nospec-schema100/tool-schema-gate/raw/016.json,tool-schema-gate,unknown,,,,,,,,,,,,,,,,,,,,,,,,,,,,,,,,
rx5-nqf-wperm-nt-nospec-schema100/tool-schema-gate/raw/017.json,tool-schema-gate,unknown,,,,,,,,,,,,,,,,,,,,,,,,,,,,,,,,
rx5-nqf-wperm-nt-nospec-schema100/tool-schema-gate/raw/018.json,tool-schema-gate,unknown,,,,,,,,,,,,,,,,,,,,,,,,,,,,,,,,
rx5-nqf-wperm-nt-nospec-schema100/tool-schema-gate/raw/019.json,tool-schema-gate,unknown,,,,,,,,,,,,,,,,,,,,,,,,,,,,,,,,
rx5-nqf-wperm-nt-nospec-schema100/tool-schema-gate/raw/020.json,tool-schema-gate,unknown,,,,,,,,,,,,,,,,,,,,,,,,,,,,,,,,
rx5-nqf-wperm-nt-nospec-schema100/tool-schema-gate/raw/021.json,tool-schema-gate,unknown,,,,,,,,,,,,,,,,,,,,,,,,,,,,,,,,
rx5-nqf-wperm-nt-nospec-schema100/tool-schema-gate/raw/022.json,tool-schema-gate,unknown,,,,,,,,,,,,,,,,,,,,,,,,,,,,,,,,
rx5-nqf-wperm-nt-nospec-schema100/tool-schema-gate/raw/023.json,tool-schema-gate,unknown,,,,,,,,,,,,,,,,,,,,,,,,,,,,,,,,
rx5-nqf-wperm-nt-nospec-schema100/tool-schema-gate/raw/024.json,tool-schema-gate,unknown,,,,,,,,,,,,,,,,,,,,,,,,,,,,,,,,
rx5-nqf-wperm-nt-nospec-schema100/tool-schema-gate/raw/025.json,tool-schema-gate,unknown,,,,,,,,,,,,,,,,,,,,,,,,,,,,,,,,
rx5-nqf-wperm-nt-nospec-schema100/tool-schema-gate/raw/026.json,tool-schema-gate,unknown,,,,,,,,,,,,,,,,,,,,,,,,,,,,,,,,
rx5-nqf-wperm-nt-nospec-schema100/tool-schema-gate/raw/027.json,tool-schema-gate,unknown,,,,,,,,,,,,,,,,,,,,,,,,,,,,,,,,
rx5-nqf-wperm-nt-nospec-schema100/tool-schema-gate/raw/028.json,tool-schema-gate,unknown,,,,,,,,,,,,,,,,,,,,,,,,,,,,,,,,
rx5-nqf-wperm-nt-nospec-schema100/tool-schema-gate/raw/029.json,tool-schema-gate,unknown,,,,,,,,,,,,,,,,,,,,,,,,,,,,,,,,
rx5-nqf-wperm-nt-nospec-schema100/tool-schema-gate/raw/030.json,tool-schema-gate,unknown,,,,,,,,,,,,,,,,,,,,,,,,,,,,,,,,
rx5-nqf-wperm-nt-nospec-schema100/tool-schema-gate/raw/031.json,tool-schema-gate,unknown,,,,,,,,,,,,,,,,,,,,,,,,,,,,,,,,
rx5-nqf-wperm-nt-nospec-schema100/tool-schema-gate/raw/032.json,tool-schema-gate,unknown,,,,,,,,,,,,,,,,,,,,,,,,,,,,,,,,
rx5-nqf-wperm-nt-nospec-schema100/tool-schema-gate/raw/033.json,tool-schema-gate,unknown,,,,,,,,,,,,,,,,,,,,,,,,,,,,,,,,
rx5-nqf-wperm-nt-nospec-schema100/tool-schema-gate/raw/034.json,tool-schema-gate,unknown,,,,,,,,,,,,,,,,,,,,,,,,,,,,,,,,
rx5-nqf-wperm-nt-nospec-schema100/tool-schema-gate/raw/035.json,tool-schema-gate,unknown,,,,,,,,,,,,,,,,,,,,,,,,,,,,,,,,
rx5-nqf-wperm-nt-nospec-schema100/tool-schema-gate/raw/036.json,tool-schema-gate,unknown,,,,,,,,,,,,,,,,,,,,,,,,,,,,,,,,
rx5-nqf-wperm-nt-nospec-schema100/tool-schema-gate/raw/037.json,tool-schema-gate,unknown,,,,,,,,,,,,,,,,,,,,,,,,,,,,,,,,
rx5-nqf-wperm-nt-nospec-schema100/tool-schema-gate/raw/038.json,tool-schema-gate,unknown,,,,,,,,,,,,,,,,,,,,,,,,,,,,,,,,
rx5-nqf-wperm-nt-nospec-schema100/tool-schema-gate/raw/039.json,tool-schema-gate,unknown,,,,,,,,,,,,,,,,,,,,,,,,,,,,,,,,
rx5-nqf-wperm-nt-nospec-schema100/tool-schema-gate/raw/040.json,tool-schema-gate,unknown,,,,,,,,,,,,,,,,,,,,,,,,,,,,,,,,
rx5-nqf-wperm-nt-nospec-schema100/tool-schema-gate/raw/041.json,tool-schema-gate,unknown,,,,,,,,,,,,,,,,,,,,,,,,,,,,,,,,
rx5-nqf-wperm-nt-nospec-schema100/tool-schema-gate/raw/042.json,tool-schema-gate,unknown,,,,,,,,,,,,,,,,,,,,,,,,,,,,,,,,
rx5-nqf-wperm-nt-nospec-schema100/tool-schema-gate/raw/043.json,tool-schema-gate,unknown,,,,,,,,,,,,,,,,,,,,,,,,,,,,,,,,
rx5-nqf-wperm-nt-nospec-schema100/tool-schema-gate/raw/044.json,tool-schema-gate,unknown,,,,,,,,,,,,,,,,,,,,,,,,,,,,,,,,
rx5-nqf-wperm-nt-nospec-schema100/tool-schema-gate/raw/045.json,tool-schema-gate,unknown,,,,,,,,,,,,,,,,,,,,,,,,,,,,,,,,
rx5-nqf-wperm-nt-nospec-schema100/tool-schema-gate/raw/046.json,tool-schema-gate,unknown,,,,,,,,,,,,,,,,,,,,,,,,,,,,,,,,
rx5-nqf-wperm-nt-nospec-schema100/tool-schema-gate/raw/047.json,tool-schema-gate,unknown,,,,,,,,,,,,,,,,,,,,,,,,,,,,,,,,
rx5-nqf-wperm-nt-nospec-schema100/tool-schema-gate/raw/048.json,tool-schema-gate,unknown,,,,,,,,,,,,,,,,,,,,,,,,,,,,,,,,
rx5-nqf-wperm-nt-nospec-schema100/tool-schema-gate/raw/049.json,tool-schema-gate,unknown,,,,,,,,,,,,,,,,,,,,,,,,,,,,,,,,
rx5-nqf-wperm-nt-nospec-schema100/tool-schema-gate/raw/050.json,tool-schema-gate,unknown,,,,,,,,,,,,,,,,,,,,,,,,,,,,,,,,
rx5-nqf-wperm-nt-nospec-schema100/tool-schema-gate/raw/051.json,tool-schema-gate,unknown,,,,,,,,,,,,,,,,,,,,,,,,,,,,,,,,
rx5-nqf-wperm-nt-nospec-schema100/tool-schema-gate/raw/052.json,tool-schema-gate,unknown,,,,,,,,,,,,,,,,,,,,,,,,,,,,,,,,
rx5-nqf-wperm-nt-nospec-schema100/tool-schema-gate/raw/053.json,tool-schema-gate,unknown,,,,,,,,,,,,,,,,,,,,,,,,,,,,,,,,
rx5-nqf-wperm-nt-nospec-schema100/tool-schema-gate/raw/054.json,tool-schema-gate,unknown,,,,,,,,,,,,,,,,,,,,,,,,,,,,,,,,
rx5-nqf-wperm-nt-nospec-schema100/tool-schema-gate/raw/055.json,tool-schema-gate,unknown,,,,,,,,,,,,,,,,,,,,,,,,,,,,,,,,
rx5-nqf-wperm-nt-nospec-schema100/tool-schema-gate/raw/056.json,tool-schema-gate,unknown,,,,,,,,,,,,,,,,,,,,,,,,,,,,,,,,
rx5-nqf-wperm-nt-nospec-schema100/tool-schema-gate/raw/057.json,tool-schema-gate,unknown,,,,,,,,,,,,,,,,,,,,,,,,,,,,,,,,
rx5-nqf-wperm-nt-nospec-schema100/tool-schema-gate/raw/058.json,tool-schema-gate,unknown,,,,,,,,,,,,,,,,,,,,,,,,,,,,,,,,
rx5-nqf-wperm-nt-nospec-schema100/tool-schema-gate/raw/059.json,tool-schema-gate,unknown,,,,,,,,,,,,,,,,,,,,,,,,,,,,,,,,
rx5-nqf-wperm-nt-nospec-schema100/tool-schema-gate/raw/060.json,tool-schema-gate,unknown,,,,,,,,,,,,,,,,,,,,,,,,,,,,,,,,
rx5-nqf-wperm-nt-nospec-schema100/tool-schema-gate/raw/061.json,tool-schema-gate,unknown,,,,,,,,,,,,,,,,,,,,,,,,,,,,,,,,
rx5-nqf-wperm-nt-nospec-schema100/tool-schema-gate/raw/062.json,tool-schema-gate,unknown,,,,,,,,,,,,,,,,,,,,,,,,,,,,,,,,
rx5-nqf-wperm-nt-nospec-schema100/tool-schema-gate/raw/063.json,tool-schema-gate,unknown,,,,,,,,,,,,,,,,,,,,,,,,,,,,,,,,
rx5-nqf-wperm-nt-nospec-schema100/tool-schema-gate/raw/064.json,tool-schema-gate,unknown,,,,,,,,,,,,,,,,,,,,,,,,,,,,,,,,
rx5-nqf-wperm-nt-nospec-schema100/tool-schema-gate/raw/065.json,tool-schema-gate,unknown,,,,,,,,,,,,,,,,,,,,,,,,,,,,,,,,
rx5-nqf-wperm-nt-nospec-schema100/tool-schema-gate/raw/066.json,tool-schema-gate,unknown,,,,,,,,,,,,,,,,,,,,,,,,,,,,,,,,
rx5-nqf-wperm-nt-nospec-schema100/tool-schema-gate/raw/067.json,tool-schema-gate,unknown,,,,,,,,,,,,,,,,,,,,,,,,,,,,,,,,
rx5-nqf-wperm-nt-nospec-schema100/tool-schema-gate/raw/068.json,tool-schema-gate,unknown,,,,,,,,,,,,,,,,,,,,,,,,,,,,,,,,
rx5-nqf-wperm-nt-nospec-schema100/tool-schema-gate/raw/069.json,tool-schema-gate,unknown,,,,,,,,,,,,,,,,,,,,,,,,,,,,,,,,
rx5-nqf-wperm-nt-nospec-schema100/tool-schema-gate/raw/070.json,tool-schema-gate,unknown,,,,,,,,,,,,,,,,,,,,,,,,,,,,,,,,
rx5-nqf-wperm-nt-nospec-schema100/tool-schema-gate/raw/071.json,tool-schema-gate,unknown,,,,,,,,,,,,,,,,,,,,,,,,,,,,,,,,
rx5-nqf-wperm-nt-nospec-schema100/tool-schema-gate/raw/072.json,tool-schema-gate,unknown,,,,,,,,,,,,,,,,,,,,,,,,,,,,,,,,
rx5-nqf-wperm-nt-nospec-schema100/tool-schema-gate/raw/073.json,tool-schema-gate,unknown,,,,,,,,,,,,,,,,,,,,,,,,,,,,,,,,
rx5-nqf-wperm-nt-nospec-schema100/tool-schema-gate/raw/074.json,tool-schema-gate,unknown,,,,,,,,,,,,,,,,,,,,,,,,,,,,,,,,
rx5-nqf-wperm-nt-nospec-schema100/tool-schema-gate/raw/075.json,tool-schema-gate,unknown,,,,,,,,,,,,,,,,,,,,,,,,,,,,,,,,
rx5-nqf-wperm-nt-nospec-schema100/tool-schema-gate/raw/076.json,tool-schema-gate,unknown,,,,,,,,,,,,,,,,,,,,,,,,,,,,,,,,
rx5-nqf-wperm-nt-nospec-schema100/tool-schema-gate/raw/077.json,tool-schema-gate,unknown,,,,,,,,,,,,,,,,,,,,,,,,,,,,,,,,
rx5-nqf-wperm-nt-nospec-schema100/tool-schema-gate/raw/078.json,tool-schema-gate,unknown,,,,,,,,,,,,,,,,,,,,,,,,,,,,,,,,
rx5-nqf-wperm-nt-nospec-schema100/tool-schema-gate/raw/079.json,tool-schema-gate,unknown,,,,,,,,,,,,,,,,,,,,,,,,,,,,,,,,
rx5-nqf-wperm-nt-nospec-schema100/tool-schema-gate/raw/080.json,tool-schema-gate,unknown,,,,,,,,,,,,,,,,,,,,,,,,,,,,,,,,
rx5-nqf-wperm-nt-nospec-schema100/tool-schema-gate/raw/081.json,tool-schema-gate,unknown,,,,,,,,,,,,,,,,,,,,,,,,,,,,,,,,
rx5-nqf-wperm-nt-nospec-schema100/tool-schema-gate/raw/082.json,tool-schema-gate,unknown,,,,,,,,,,,,,,,,,,,,,,,,,,,,,,,,
rx5-nqf-wperm-nt-nospec-schema100/tool-schema-gate/raw/083.json,tool-schema-gate,unknown,,,,,,,,,,,,,,,,,,,,,,,,,,,,,,,,
rx5-nqf-wperm-nt-nospec-schema100/tool-schema-gate/raw/084.json,tool-schema-gate,unknown,,,,,,,,,,,,,,,,,,,,,,,,,,,,,,,,
rx5-nqf-wperm-nt-nospec-schema100/tool-schema-gate/raw/085.json,tool-schema-gate,unknown,,,,,,,,,,,,,,,,,,,,,,,,,,,,,,,,
rx5-nqf-wperm-nt-nospec-schema100/tool-schema-gate/raw/086.json,tool-schema-gate,unknown,,,,,,,,,,,,,,,,,,,,,,,,,,,,,,,,
rx5-nqf-wperm-nt-nospec-schema100/tool-schema-gate/raw/087.json,tool-schema-gate,unknown,,,,,,,,,,,,,,,,,,,,,,,,,,,,,,,,
rx5-nqf-wperm-nt-nospec-schema100/tool-schema-gate/raw/088.json,tool-schema-gate,unknown,,,,,,,,,,,,,,,,,,,,,,,,,,,,,,,,
rx5-nqf-wperm-nt-nospec-schema100/tool-schema-gate/raw/089.json,tool-schema-gate,unknown,,,,,,,,,,,,,,,,,,,,,,,,,,,,,,,,
rx5-nqf-wperm-nt-nospec-schema100/tool-schema-gate/raw/090.json,tool-schema-gate,unknown,,,,,,,,,,,,,,,,,,,,,,,,,,,,,,,,
rx5-nqf-wperm-nt-nospec-schema100/tool-schema-gate/raw/091.json,tool-schema-gate,unknown,,,,,,,,,,,,,,,,,,,,,,,,,,,,,,,,
rx5-nqf-wperm-nt-nospec-schema100/tool-schema-gate/raw/092.json,tool-schema-gate,unknown,,,,,,,,,,,,,,,,,,,,,,,,,,,,,,,,
rx5-nqf-wperm-nt-nospec-schema100/tool-schema-gate/raw/093.json,tool-schema-gate,unknown,,,,,,,,,,,,,,,,,,,,,,,,,,,,,,,,
rx5-nqf-wperm-nt-nospec-schema100/tool-schema-gate/raw/094.json,tool-schema-gate,unknown,,,,,,,,,,,,,,,,,,,,,,,,,,,,,,,,
rx5-nqf-wperm-nt-nospec-schema100/tool-schema-gate/raw/095.json,tool-schema-gate,unknown,,,,,,,,,,,,,,,,,,,,,,,,,,,,,,,,
rx5-nqf-wperm-nt-nospec-schema100/tool-schema-gate/raw/096.json,tool-schema-gate,unknown,,,,,,,,,,,,,,,,,,,,,,,,,,,,,,,,
rx5-nqf-wperm-nt-nospec-schema100/tool-schema-gate/raw/097.json,tool-schema-gate,unknown,,,,,,,,,,,,,,,,,,,,,,,,,,,,,,,,
rx5-nqf-wperm-nt-nospec-schema100/tool-schema-gate/raw/098.json,tool-schema-gate,unknown,,,,,,,,,,,,,,,,,,,,,,,,,,,,,,,,
rx5-nqf-wperm-nt-nospec-schema100/tool-schema-gate/raw/099.json,tool-schema-gate,unknown,,,,,,,,,,,,,,,,,,,,,,,,,,,,,,,,
rx5-nqf-wperm-nt-nospec-schema100/tool-schema-gate/raw/100.json,tool-schema-gate,unknown,,,,,,,,,,,,,,,,,,,,,,,,,,,,,,,,
rx5-nqf-wperm-nt-schema100/raw/correctness_fixed.json,rx5-nqf-wperm-nt-schema100,correctness_fixed,,,,,,,,0,,,8,0,,,,,,,,,,,,,,,,,,,,
rx5-nqf-wperm-nt-schema100/raw/warmup_in128_out64_c1_r1.json,rx5-nqf-wperm-nt-schema100,warmup,128,64,1,1,2,on,0,0,2,0.6489141751080751,2,0,3.082071677147297,197.252587337427,591.7577620122811,63.079192070290446,63.079192070290446,63.079192070290446,63.700177962891765,4.147229649658715,4.147229649658715,4.147229649658715,4.697795951339815,22.71964417203613,22.764980094507337,22.764980094507337,23.4582895366475,324.35465999878943,324.35465999878943,358.4193511120975,67.70186335403726,5.739130434782608
rx5-nqf-wperm-nt-schema100/tool-schema-gate/raw/001.json,tool-schema-gate,unknown,,,,,,,,,,,,,,,,,,,,,,,,,,,,,,,,
rx5-nqf-wperm-nt-schema100/tool-schema-gate/raw/002.json,tool-schema-gate,unknown,,,,,,,,,,,,,,,,,,,,,,,,,,,,,,,,
rx5-nqf-wperm-nt-schema100/tool-schema-gate/raw/003.json,tool-schema-gate,unknown,,,,,,,,,,,,,,,,,,,,,,,,,,,,,,,,
rx5-nqf-wperm-nt-schema100/tool-schema-gate/raw/004.json,tool-schema-gate,unknown,,,,,,,,,,,,,,,,,,,,,,,,,,,,,,,,
rx5-nqf-wperm-nt-schema100/tool-schema-gate/raw/005.json,tool-schema-gate,unknown,,,,,,,,,,,,,,,,,,,,,,,,,,,,,,,,
rx5-nqf-wperm-nt-schema100/tool-schema-gate/raw/006.json,tool-schema-gate,unknown,,,,,,,,,,,,,,,,,,,,,,,,,,,,,,,,
rx5-nqf-wperm-nt-schema100/tool-schema-gate/raw/007.json,tool-schema-gate,unknown,,,,,,,,,,,,,,,,,,,,,,,,,,,,,,,,
rx5-nqf-wperm-nt-schema100/tool-schema-gate/raw/008.json,tool-schema-gate,unknown,,,,,,,,,,,,,,,,,,,,,,,,,,,,,,,,
rx5-nqf-wperm-nt-schema100/tool-schema-gate/raw/009.json,tool-schema-gate,unknown,,,,,,,,,,,,,,,,,,,,,,,,,,,,,,,,
rx5-nqf-wperm-nt-schema100/tool-schema-gate/raw/010.json,tool-schema-gate,unknown,,,,,,,,,,,,,,,,,,,,,,,,,,,,,,,,
rx5-nqf-wperm-nt-schema100/tool-schema-gate/raw/011.json,tool-schema-gate,unknown,,,,,,,,,,,,,,,,,,,,,,,,,,,,,,,,
rx5-nqf-wperm-nt-schema100/tool-schema-gate/raw/012.json,tool-schema-gate,unknown,,,,,,,,,,,,,,,,,,,,,,,,,,,,,,,,
rx5-nqf-wperm-nt-schema100/tool-schema-gate/raw/013.json,tool-schema-gate,unknown,,,,,,,,,,,,,,,,,,,,,,,,,,,,,,,,
rx5-nqf-wperm-nt-schema100/tool-schema-gate/raw/014.json,tool-schema-gate,unknown,,,,,,,,,,,,,,,,,,,,,,,,,,,,,,,,
rx5-nqf-wperm-nt-schema100/tool-schema-gate/raw/015.json,tool-schema-gate,unknown,,,,,,,,,,,,,,,,,,,,,,,,,,,,,,,,
rx5-nqf-wperm-nt-schema100/tool-schema-gate/raw/016.json,tool-schema-gate,unknown,,,,,,,,,,,,,,,,,,,,,,,,,,,,,,,,
rx5-nqf-wperm-nt-schema100/tool-schema-gate/raw/017.json,tool-schema-gate,unknown,,,,,,,,,,,,,,,,,,,,,,,,,,,,,,,,
rx5-nqf-wperm-nt-schema100/tool-schema-gate/raw/018.json,tool-schema-gate,unknown,,,,,,,,,,,,,,,,,,,,,,,,,,,,,,,,
rx5-nqf-wperm-nt-schema100/tool-schema-gate/raw/019.json,tool-schema-gate,unknown,,,,,,,,,,,,,,,,,,,,,,,,,,,,,,,,
rx5-nqf-wperm-nt-schema100/tool-schema-gate/raw/020.json,tool-schema-gate,unknown,,,,,,,,,,,,,,,,,,,,,,,,,,,,,,,,
rx5-nqf-wperm-nt-schema100/tool-schema-gate/raw/021.json,tool-schema-gate,unknown,,,,,,,,,,,,,,,,,,,,,,,,,,,,,,,,
rx5-nqf-wperm-nt-schema100/tool-schema-gate/raw/022.json,tool-schema-gate,unknown,,,,,,,,,,,,,,,,,,,,,,,,,,,,,,,,
rx5-nqf-wperm-nt-schema100/tool-schema-gate/raw/023.json,tool-schema-gate,unknown,,,,,,,,,,,,,,,,,,,,,,,,,,,,,,,,
rx5-nqf-wperm-nt-schema100/tool-schema-gate/raw/024.json,tool-schema-gate,unknown,,,,,,,,,,,,,,,,,,,,,,,,,,,,,,,,
rx5-nqf-wperm-nt-schema100/tool-schema-gate/raw/025.json,tool-schema-gate,unknown,,,,,,,,,,,,,,,,,,,,,,,,,,,,,,,,
rx5-nqf-wperm-nt-schema100/tool-schema-gate/raw/026.json,tool-schema-gate,unknown,,,,,,,,,,,,,,,,,,,,,,,,,,,,,,,,
rx5-nqf-wperm-nt-schema100/tool-schema-gate/raw/027.json,tool-schema-gate,unknown,,,,,,,,,,,,,,,,,,,,,,,,,,,,,,,,
rx5-nqf-wperm-nt-schema100/tool-schema-gate/raw/028.json,tool-schema-gate,unknown,,,,,,,,,,,,,,,,,,,,,,,,,,,,,,,,
rx5-nqf-wperm-nt-schema100/tool-schema-gate/raw/029.json,tool-schema-gate,unknown,,,,,,,,,,,,,,,,,,,,,,,,,,,,,,,,
rx5-nqf-wperm-nt-schema100/tool-schema-gate/raw/030.json,tool-schema-gate,unknown,,,,,,,,,,,,,,,,,,,,,,,,,,,,,,,,
rx5-nqf-wperm-nt-schema100/tool-schema-gate/raw/031.json,tool-schema-gate,unknown,,,,,,,,,,,,,,,,,,,,,,,,,,,,,,,,
rx5-nqf-wperm-nt-schema100/tool-schema-gate/raw/032.json,tool-schema-gate,unknown,,,,,,,,,,,,,,,,,,,,,,,,,,,,,,,,
rx5-nqf-wperm-nt-schema100/tool-schema-gate/raw/033.json,tool-schema-gate,unknown,,,,,,,,,,,,,,,,,,,,,,,,,,,,,,,,
rx5-nqf-wperm-nt-schema100/tool-schema-gate/raw/034.json,tool-schema-gate,unknown,,,,,,,,,,,,,,,,,,,,,,,,,,,,,,,,
rx5-nqf-wperm-nt-schema100/tool-schema-gate/raw/035.json,tool-schema-gate,unknown,,,,,,,,,,,,,,,,,,,,,,,,,,,,,,,,
rx5-nqf-wperm-nt-schema100/tool-schema-gate/raw/036.json,tool-schema-gate,unknown,,,,,,,,,,,,,,,,,,,,,,,,,,,,,,,,
rx5-nqf-wperm-nt-schema100/tool-schema-gate/raw/037.json,tool-schema-gate,unknown,,,,,,,,,,,,,,,,,,,,,,,,,,,,,,,,
rx5-nqf-wperm-nt-schema100/tool-schema-gate/raw/038.json,tool-schema-gate,unknown,,,,,,,,,,,,,,,,,,,,,,,,,,,,,,,,
rx5-nqf-wperm-nt-schema100/tool-schema-gate/raw/039.json,tool-schema-gate,unknown,,,,,,,,,,,,,,,,,,,,,,,,,,,,,,,,
rx5-nqf-wperm-nt-schema100/tool-schema-gate/raw/040.json,tool-schema-gate,unknown,,,,,,,,,,,,,,,,,,,,,,,,,,,,,,,,
rx5-nqf-wperm-nt-schema100/tool-schema-gate/raw/041.json,tool-schema-gate,unknown,,,,,,,,,,,,,,,,,,,,,,,,,,,,,,,,
rx5-nqf-wperm-nt-schema100/tool-schema-gate/raw/042.json,tool-schema-gate,unknown,,,,,,,,,,,,,,,,,,,,,,,,,,,,,,,,
rx5-nqf-wperm-nt-schema100/tool-schema-gate/raw/043.json,tool-schema-gate,unknown,,,,,,,,,,,,,,,,,,,,,,,,,,,,,,,,
rx5-nqf-wperm-nt-schema100/tool-schema-gate/raw/044.json,tool-schema-gate,unknown,,,,,,,,,,,,,,,,,,,,,,,,,,,,,,,,
rx5-nqf-wperm-nt-schema100/tool-schema-gate/raw/045.json,tool-schema-gate,unknown,,,,,,,,,,,,,,,,,,,,,,,,,,,,,,,,
rx5-nqf-wperm-nt-schema100/tool-schema-gate/raw/046.json,tool-schema-gate,unknown,,,,,,,,,,,,,,,,,,,,,,,,,,,,,,,,
rx5-nqf-wperm-nt-schema100/tool-schema-gate/raw/047.json,tool-schema-gate,unknown,,,,,,,,,,,,,,,,,,,,,,,,,,,,,,,,
rx5-nqf-wperm-nt-schema100/tool-schema-gate/raw/048.json,tool-schema-gate,unknown,,,,,,,,,,,,,,,,,,,,,,,,,,,,,,,,
rx5-nqf-wperm-nt-schema100/tool-schema-gate/raw/049.json,tool-schema-gate,unknown,,,,,,,,,,,,,,,,,,,,,,,,,,,,,,,,
rx5-nqf-wperm-nt-schema100/tool-schema-gate/raw/050.json,tool-schema-gate,unknown,,,,,,,,,,,,,,,,,,,,,,,,,,,,,,,,
rx5-nqf-wperm-nt-schema100/tool-schema-gate/raw/051.json,tool-schema-gate,unknown,,,,,,,,,,,,,,,,,,,,,,,,,,,,,,,,
rx5-nqf-wperm-nt-schema100/tool-schema-gate/raw/052.json,tool-schema-gate,unknown,,,,,,,,,,,,,,,,,,,,,,,,,,,,,,,,
rx5-nqf-wperm-nt-schema100/tool-schema-gate/raw/053.json,tool-schema-gate,unknown,,,,,,,,,,,,,,,,,,,,,,,,,,,,,,,,
rx5-nqf-wperm-nt-schema100/tool-schema-gate/raw/054.json,tool-schema-gate,unknown,,,,,,,,,,,,,,,,,,,,,,,,,,,,,,,,
rx5-nqf-wperm-nt-schema100/tool-schema-gate/raw/055.json,tool-schema-gate,unknown,,,,,,,,,,,,,,,,,,,,,,,,,,,,,,,,
rx5-nqf-wperm-nt-schema100/tool-schema-gate/raw/056.json,tool-schema-gate,unknown,,,,,,,,,,,,,,,,,,,,,,,,,,,,,,,,
rx5-nqf-wperm-nt-schema100/tool-schema-gate/raw/057.json,tool-schema-gate,unknown,,,,,,,,,,,,,,,,,,,,,,,,,,,,,,,,
rx5-nqf-wperm-nt-schema100/tool-schema-gate/raw/058.json,tool-schema-gate,unknown,,,,,,,,,,,,,,,,,,,,,,,,,,,,,,,,
rx5-nqf-wperm-nt-schema100/tool-schema-gate/raw/059.json,tool-schema-gate,unknown,,,,,,,,,,,,,,,,,,,,,,,,,,,,,,,,
rx5-nqf-wperm-nt-schema100/tool-schema-gate/raw/060.json,tool-schema-gate,unknown,,,,,,,,,,,,,,,,,,,,,,,,,,,,,,,,
rx5-nqf-wperm-nt-schema100/tool-schema-gate/raw/061.json,tool-schema-gate,unknown,,,,,,,,,,,,,,,,,,,,,,,,,,,,,,,,
rx5-nqf-wperm-nt-schema100/tool-schema-gate/raw/062.json,tool-schema-gate,unknown,,,,,,,,,,,,,,,,,,,,,,,,,,,,,,,,
rx5-nqf-wperm-nt-schema100/tool-schema-gate/raw/063.json,tool-schema-gate,unknown,,,,,,,,,,,,,,,,,,,,,,,,,,,,,,,,
rx5-nqf-wperm-nt-schema100/tool-schema-gate/raw/064.json,tool-schema-gate,unknown,,,,,,,,,,,,,,,,,,,,,,,,,,,,,,,,
rx5-nqf-wperm-nt-schema100/tool-schema-gate/raw/065.json,tool-schema-gate,unknown,,,,,,,,,,,,,,,,,,,,,,,,,,,,,,,,
rx5-nqf-wperm-nt-schema100/tool-schema-gate/raw/066.json,tool-schema-gate,unknown,,,,,,,,,,,,,,,,,,,,,,,,,,,,,,,,
rx5-nqf-wperm-nt-schema100/tool-schema-gate/raw/067.json,tool-schema-gate,unknown,,,,,,,,,,,,,,,,,,,,,,,,,,,,,,,,
rx5-nqf-wperm-nt-schema100/tool-schema-gate/raw/068.json,tool-schema-gate,unknown,,,,,,,,,,,,,,,,,,,,,,,,,,,,,,,,
rx5-nqf-wperm-nt-schema100/tool-schema-gate/raw/069.json,tool-schema-gate,unknown,,,,,,,,,,,,,,,,,,,,,,,,,,,,,,,,
rx5-nqf-wperm-nt-schema100/tool-schema-gate/raw/070.json,tool-schema-gate,unknown,,,,,,,,,,,,,,,,,,,,,,,,,,,,,,,,
rx5-nqf-wperm-nt-schema100/tool-schema-gate/raw/071.json,tool-schema-gate,unknown,,,,,,,,,,,,,,,,,,,,,,,,,,,,,,,,
rx5-nqf-wperm-nt-schema100/tool-schema-gate/raw/072.json,tool-schema-gate,unknown,,,,,,,,,,,,,,,,,,,,,,,,,,,,,,,,
rx5-nqf-wperm-nt-schema100/tool-schema-gate/raw/073.json,tool-schema-gate,unknown,,,,,,,,,,,,,,,,,,,,,,,,,,,,,,,,
rx5-nqf-wperm-nt-schema100/tool-schema-gate/raw/074.json,tool-schema-gate,unknown,,,,,,,,,,,,,,,,,,,,,,,,,,,,,,,,
rx5-nqf-wperm-nt-schema100/tool-schema-gate/raw/075.json,tool-schema-gate,unknown,,,,,,,,,,,,,,,,,,,,,,,,,,,,,,,,
rx5-nqf-wperm-nt-schema100/tool-schema-gate/raw/076.json,tool-schema-gate,unknown,,,,,,,,,,,,,,,,,,,,,,,,,,,,,,,,
rx5-nqf-wperm-nt-schema100/tool-schema-gate/raw/077.json,tool-schema-gate,unknown,,,,,,,,,,,,,,,,,,,,,,,,,,,,,,,,
rx5-nqf-wperm-nt-schema100/tool-schema-gate/raw/078.json,tool-schema-gate,unknown,,,,,,,,,,,,,,,,,,,,,,,,,,,,,,,,
rx5-nqf-wperm-nt-schema100/tool-schema-gate/raw/079.json,tool-schema-gate,unknown,,,,,,,,,,,,,,,,,,,,,,,,,,,,,,,,
rx5-nqf-wperm-nt-schema100/tool-schema-gate/raw/080.json,tool-schema-gate,unknown,,,,,,,,,,,,,,,,,,,,,,,,,,,,,,,,
rx5-nqf-wperm-nt-schema100/tool-schema-gate/raw/081.json,tool-schema-gate,unknown,,,,,,,,,,,,,,,,,,,,,,,,,,,,,,,,
rx5-nqf-wperm-nt-schema100/tool-schema-gate/raw/082.json,tool-schema-gate,unknown,,,,,,,,,,,,,,,,,,,,,,,,,,,,,,,,
rx5-nqf-wperm-nt-schema100/tool-schema-gate/raw/083.json,tool-schema-gate,unknown,,,,,,,,,,,,,,,,,,,,,,,,,,,,,,,,
rx5-nqf-wperm-nt-schema100/tool-schema-gate/raw/084.json,tool-schema-gate,unknown,,,,,,,,,,,,,,,,,,,,,,,,,,,,,,,,
rx5-nqf-wperm-nt-schema100/tool-schema-gate/raw/085.json,tool-schema-gate,unknown,,,,,,,,,,,,,,,,,,,,,,,,,,,,,,,,
rx5-nqf-wperm-nt-schema100/tool-schema-gate/raw/086.json,tool-schema-gate,unknown,,,,,,,,,,,,,,,,,,,,,,,,,,,,,,,,
rx5-nqf-wperm-nt-schema100/tool-schema-gate/raw/087.json,tool-schema-gate,unknown,,,,,,,,,,,,,,,,,,,,,,,,,,,,,,,,
rx5-nqf-wperm-nt-schema100/tool-schema-gate/raw/088.json,tool-schema-gate,unknown,,,,,,,,,,,,,,,,,,,,,,,,,,,,,,,,
rx5-nqf-wperm-nt-schema100/tool-schema-gate/raw/089.json,tool-schema-gate,unknown,,,,,,,,,,,,,,,,,,,,,,,,,,,,,,,,
rx5-nqf-wperm-nt-schema100/tool-schema-gate/raw/090.json,tool-schema-gate,unknown,,,,,,,,,,,,,,,,,,,,,,,,,,,,,,,,
rx5-nqf-wperm-nt-schema100/tool-schema-gate/raw/091.json,tool-schema-gate,unknown,,,,,,,,,,,,,,,,,,,,,,,,,,,,,,,,
rx5-nqf-wperm-nt-schema100/tool-schema-gate/raw/092.json,tool-schema-gate,unknown,,,,,,,,,,,,,,,,,,,,,,,,,,,,,,,,
rx5-nqf-wperm-nt-schema100/tool-schema-gate/raw/093.json,tool-schema-gate,unknown,,,,,,,,,,,,,,,,,,,,,,,,,,,,,,,,
rx5-nqf-wperm-nt-schema100/tool-schema-gate/raw/094.json,tool-schema-gate,unknown,,,,,,,,,,,,,,,,,,,,,,,,,,,,,,,,
rx5-nqf-wperm-nt-schema100/tool-schema-gate/raw/095.json,tool-schema-gate,unknown,,,,,,,,,,,,,,,,,,,,,,,,,,,,,,,,
rx5-nqf-wperm-nt-schema100/tool-schema-gate/raw/096.json,tool-schema-gate,unknown,,,,,,,,,,,,,,,,,,,,,,,,,,,,,,,,
rx5-nqf-wperm-nt-schema100/tool-schema-gate/raw/097.json,tool-schema-gate,unknown,,,,,,,,,,,,,,,,,,,,,,,,,,,,,,,,
rx5-nqf-wperm-nt-schema100/tool-schema-gate/raw/098.json,tool-schema-gate,unknown,,,,,,,,,,,,,,,,,,,,,,,,,,,,,,,,
rx5-nqf-wperm-nt-schema100/tool-schema-gate/raw/099.json,tool-schema-gate,unknown,,,,,,,,,,,,,,,,,,,,,,,,,,,,,,,,
rx5-nqf-wperm-nt-schema100/tool-schema-gate/raw/100.json,tool-schema-gate,unknown,,,,,,,,,,,,,,,,,,,,,,,,,,,,,,,,
rx5-wperm-nt-quick/raw/context_quick_in8128_out64_c1_r1.json,rx5-wperm-nt-quick,context_quick,8128,64,1,1,2,on,0,0,1,2.0950794839300215,1,0,0.4773088599598932,30.547767037433164,3910.114180791445,1811.5688120014966,1811.5688120014966,1811.5688120014966,1811.5688120014966,4.497978633033141,4.497978633033141,4.497978633033141,4.497978633033141,25.761175816032022,25.19837999716401,25.19837999716401,31.515147816389803,2094.9414658825845,2094.9414658825845,2094.9414658825845,71.23287671232876,5.7272727272727275
rx5-wperm-nt-quick/raw/correctness_fixed.json,rx5-wperm-nt-quick,correctness_fixed,,,,,,,,0,,,8,0,,,,,,,,,,,,,,,,,,,,
rx5-wperm-nt-quick/raw/decode_in256_out256_c1_r1.json,rx5-wperm-nt-quick,decode,256,256,1,1,2,on,0,0,4,6.738801856990904,4,0,0.5935773279711969,151.9557959606264,303.9115919212528,76.16260496433824,76.15383737720549,76.15383737720549,76.46123162470758,6.307628031308743,5.071651778530841,5.071651778530841,11.666079743263108,23.226650115707724,23.219878086820245,23.219878086820245,23.94164369441569,1684.607752948068,1369.5598139893264,3050.7307958998713,38.628158844765345,3.703971119133574
rx5-wperm-nt-quick/raw/decode_in256_out256_c1_r2.json,rx5-wperm-nt-quick,decode,256,256,1,2,2,on,0,0,4,4.361247055931017,4,0,0.9171688621859329,234.7952287195988,469.5904574391976,75.86710405303165,76.57436153385788,76.57436153385788,76.86812420841306,3.9778637994245134,3.519607529811123,3.519607529811123,5.518515168561363,23.318520087438326,23.30733195412904,23.30733195412904,24.231290007010102,1090.2223729062825,972.6597666740417,1483.8526817364616,70.77175697865353,5.954022988505747
rx5-wperm-nt-quick/raw/decode_in256_out256_c2_r1.json,rx5-wperm-nt-quick,decode,256,256,2,1,2,on,0,0,4,4.054106591036543,4,0,0.9866538804983148,252.5833934075686,505.1667868151372,119.92876522708684,114.52447494957596,114.52447494957596,174.70267883269113,6.512028504820431,5.367608866928255,5.367608866928255,11.579940849367308,26.46322754875894,26.25430515035987,26.25430515035987,27.531176572665572,1780.4960339562967,1522.3758624633774,3029.2017944483086,44.3938531587934,4.107569721115538
rx5-wperm-nt-quick/raw/decode_in256_out256_c2_r2.json,rx5-wperm-nt-quick,decode,256,256,2,2,2,on,0,0,4,5.203870924189687,4,0,0.7686585732567636,196.77659475373147,393.55318950746295,128.74372897204012,131.55958137940615,131.55958137940615,175.59200642164797,9.26126254307033,8.92411916078452,8.92411916078452,15.510570203556732,26.836615323687017,26.295859017409384,26.295859017409384,27.56662762258202,2490.3656774549745,2378.8976514479145,4130.787408328615,27.394480519480517,2.9176136363636367
rx5-wperm-nt-quick/raw/decode_in256_out256_c4_r1.json,rx5-wperm-nt-quick,decode,256,256,4,1,2,on,0,0,8,7.549181345151737,8,0,1.059717555352911,271.2876941703452,542.5753883406904,186.295626393985,143.81677703931928,143.81677703931928,280.72683072881773,9.704882697905322,8.000076198311266,8.000076198311266,17.327183127101947,31.778430632714716,31.93067410029471,31.93067410029471,113.28437432646751,2661.0407143598422,2251.6358740394935,4558.192904954776,32.83650538867232,3.298555377207063
rx5-wperm-nt-quick/raw/decode_in256_out256_c4_r2.json,rx5-wperm-nt-quick,decode,256,256,4,2,2,on,0,0,8,4.720507047139108,8,0,1.6947331971145871,433.8516984613343,867.7033969226686,195.07408852223307,183.2679035142064,183.2679035142064,278.99168459232897,7.881950903409983,6.949204025680528,6.949204025680528,14.918539597753288,33.85090754318394,31.98189288377762,31.98189288377762,112.47502735350281,2204.9715688917786,1955.314930062741,4073.185138434637,47.72932330827068,4.341052631578947
rx5-wperm-nt-quick/raw/decode_in256_out256_c8_r1.json,rx5-wperm-nt-quick,decode,256,256,8,1,2,on,0,0,16,7.221975138178095,16,0,2.2154604099116795,567.15786493739,1134.31572987478,324.0287963708397,264.98632598668337,264.98632598668337,492.1141853672452,9.753698163823335,8.424743074083738,8.424743074083738,19.649793401990518,45.01707106170232,44.35215098783374,44.35215098783374,121.09047447098419,2811.22182814579,2408.628337434493,5478.484508418477,64.16139240506328,4.669683257918551
rx5-wperm-nt-quick/raw/decode_in256_out256_c8_r2.json,rx5-wperm-nt-quick,decode,256,256,8,2,2,on,0,0,16,7.598163585877046,16,0,2.1057719828169694,539.0776276011442,1078.1552552022883,304.97117794584483,199.47742659132928,199.47742659132928,494.7695172508247,11.878554536744167,8.504688484575965,8.504688484575965,27.325974073324936,43.62241657028305,39.77257199585438,39.77257199585438,120.7542069023475,3334.0025848156074,2619.620595010929,7414.657071302645,55.68496949528563,3.711071107110711
rx5-wperm-nt-quick/raw/prefill_in2048_out64_c1_r1.json,rx5-wperm-nt-quick,prefill,2048,64,1,1,2,on,0,0,2,2.3199851028621197,2,0,0.8620745010528902,55.17276806738497,1820.7013462237041,444.95638145599514,444.95638145599514,444.95638145599514,451.29342743894085,11.348101609785642,11.348101609785642,11.348101609785642,13.868571007402526,25.085301452986243,24.899095064029098,24.899095064029098,29.573497166857123,1159.8867828724906,1159.8867828724906,1325.0134009053,18.796992481203006,2.3157894736842106
rx5-wperm-nt-quick/raw/prefill_in2048_out64_c4_r1.json,rx5-wperm-nt-quick,prefill,2048,64,4,1,2,on,0,0,8,5.561045904876664,8,0,1.438578306462915,92.06901161362656,3038.2773832496764,1061.0415996052325,992.3411455238238,992.3411455238238,1841.770338343922,22.133180904405428,18.547901188925145,18.547901188925145,56.13649951050145,69.28648848537796,33.618979854509234,33.618979854509234,509.9946715403348,2455.4319965827744,2084.089691983536,4071.728369048796,32.475598935226266,3.2732919254658386
rx5-wperm-nt-quick/raw/prefill_in2048_out64_c8_r1.json,rx5-wperm-nt-quick,prefill,2048,64,8,1,2,on,0,0,16,9.791940222028643,16,0,1.6339969032904496,104.57580181058877,3451.0014597494296,1595.8150525257224,1014.4743145210668,1014.4743145210668,3668.8996841781773,46.7622997347794,48.86127049140336,48.86127049140336,128.82930849797074,129.85234317746907,40.59807094745338,40.59807094745338,904.0098498109728,4541.839935816824,4327.747934614308,8958.923378505277,42.05721241631162,2.903581267217631
rx5-wperm-nt-quick/raw/warmup_in128_out64_c1_r1.json,rx5-wperm-nt-quick,warmup,128,64,1,1,2,on,0,0,2,0.7444128110073507,2,0,2.686681328460172,171.947605021451,515.8428150643531,62.98190588131547,62.98190588131547,62.98190588131547,63.47062020096927,4.9065758976789695,4.9065758976789695,4.9065758976789695,5.416543577975107,22.89739159729194,22.93043304234743,22.93043304234743,23.566160765476525,372.09618743509054,372.09618743509054,403.7354369740933,53.43915343915344,4.7407407407407405
rx5-wperm-nt-quick/tool-schema-gate/raw/001.json,tool-schema-gate,unknown,,,,,,,,,,,,,,,,,,,,,,,,,,,,,,,,
rx5-wperm-nt-quick/tool-schema-gate/raw/002.json,tool-schema-gate,unknown,,,,,,,,,,,,,,,,,,,,,,,,,,,,,,,,
rx5-wperm-nt-quick/tool-schema-gate/raw/003.json,tool-schema-gate,unknown,,,,,,,,,,,,,,,,,,,,,,,,,,,,,,,,
rx5-wperm-nt-quick/tool-schema-gate/raw/004.json,tool-schema-gate,unknown,,,,,,,,,,,,,,,,,,,,,,,,,,,,,,,,
rx5-wperm-nt-quick/tool-schema-gate/raw/005.json,tool-schema-gate,unknown,,,,,,,,,,,,,,,,,,,,,,,,,,,,,,,,
rx5-wperm-nt-quick/tool-schema-gate/raw/006.json,tool-schema-gate,unknown,,,,,,,,,,,,,,,,,,,,,,,,,,,,,,,,
rx5-wperm-nt-quick/tool-schema-gate/raw/007.json,tool-schema-gate,unknown,,,,,,,,,,,,,,,,,,,,,,,,,,,,,,,,
rx5-wperm-nt-quick/tool-schema-gate/raw/008.json,tool-schema-gate,unknown,,,,,,,,,,,,,,,,,,,,,,,,,,,,,,,,
rx5-wperm-nt-quick/tool-schema-gate/raw/009.json,tool-schema-gate,unknown,,,,,,,,,,,,,,,,,,,,,,,,,,,,,,,,
rx5-wperm-nt-quick/tool-schema-gate/raw/010.json,tool-schema-gate,unknown,,,,,,,,,,,,,,,,,,,,,,,,,,,,,,,,
rx5-wperm-nt-quick/tool-schema-gate/raw/011.json,tool-schema-gate,unknown,,,,,,,,,,,,,,,,,,,,,,,,,,,,,,,,
rx5-wperm-nt-quick/tool-schema-gate/raw/012.json,tool-schema-gate,unknown,,,,,,,,,,,,,,,,,,,,,,,,,,,,,,,,
rx5-wperm-nt-quick/tool-schema-gate/raw/013.json,tool-schema-gate,unknown,,,,,,,,,,,,,,,,,,,,,,,,,,,,,,,,
rx5-wperm-nt-quick/tool-schema-gate/raw/014.json,tool-schema-gate,unknown,,,,,,,,,,,,,,,,,,,,,,,,,,,,,,,,
rx5-wperm-nt-quick/tool-schema-gate/raw/015.json,tool-schema-gate,unknown,,,,,,,,,,,,,,,,,,,,,,,,,,,,,,,,
rx5-wperm-nt-quick/tool-schema-gate/raw/016.json,tool-schema-gate,unknown,,,,,,,,,,,,,,,,,,,,,,,,,,,,,,,,
rx5-wperm-nt-quick/tool-schema-gate/raw/017.json,tool-schema-gate,unknown,,,,,,,,,,,,,,,,,,,,,,,,,,,,,,,,
rx5-wperm-nt-quick/tool-schema-gate/raw/018.json,tool-schema-gate,unknown,,,,,,,,,,,,,,,,,,,,,,,,,,,,,,,,
rx5-wperm-nt-quick/tool-schema-gate/raw/019.json,tool-schema-gate,unknown,,,,,,,,,,,,,,,,,,,,,,,,,,,,,,,,
rx5-wperm-nt-quick/tool-schema-gate/raw/020.json,tool-schema-gate,unknown,,,,,,,,,,,,,,,,,,,,,,,,,,,,,,,,
rx5-wperm-nt-quick/tool-schema-gate/raw/021.json,tool-schema-gate,unknown,,,,,,,,,,,,,,,,,,,,,,,,,,,,,,,,
rx5-wperm-nt-quick/tool-schema-gate/raw/022.json,tool-schema-gate,unknown,,,,,,,,,,,,,,,,,,,,,,,,,,,,,,,,
rx5-wperm-nt-quick/tool-schema-gate/raw/023.json,tool-schema-gate,unknown,,,,,,,,,,,,,,,,,,,,,,,,,,,,,,,,
rx5-wperm-nt-quick/tool-schema-gate/raw/024.json,tool-schema-gate,unknown,,,,,,,,,,,,,,,,,,,,,,,,,,,,,,,,
rx5-wperm-nt-quick/tool-schema-gate/raw/025.json,tool-schema-gate,unknown,,,,,,,,,,,,,,,,,,,,,,,,,,,,,,,,
rx5-wperm-nt-quick/tool-schema-gate/raw/026.json,tool-schema-gate,unknown,,,,,,,,,,,,,,,,,,,,,,,,,,,,,,,,
rx5-wperm-nt-quick/tool-schema-gate/raw/027.json,tool-schema-gate,unknown,,,,,,,,,,,,,,,,,,,,,,,,,,,,,,,,
rx5-wperm-nt-quick/tool-schema-gate/raw/028.json,tool-schema-gate,unknown,,,,,,,,,,,,,,,,,,,,,,,,,,,,,,,,
rx5-wperm-nt-quick/tool-schema-gate/raw/029.json,tool-schema-gate,unknown,,,,,,,,,,,,,,,,,,,,,,,,,,,,,,,,
rx5-wperm-nt-quick/tool-schema-gate/raw/030.json,tool-schema-gate,unknown,,,,,,,,,,,,,,,,,,,,,,,,,,,,,,,,
rx5-wperm-nt-schema100/raw/correctness_fixed.json,rx5-wperm-nt-schema100,correctness_fixed,,,,,,,,0,,,8,0,,,,,,,,,,,,,,,,,,,,
rx5-wperm-nt-schema100/raw/warmup_in128_out64_c1_r1.json,rx5-wperm-nt-schema100,warmup,128,64,1,1,2,on,0,0,2,0.7409691999200732,2,0,2.699167523043786,172.7467214748023,518.240164424407,63.18586494307965,63.18586494307965,63.18586494307965,63.4389547794126,4.876074715635725,4.876074715635725,4.876074715635725,5.382619606190554,22.755045340292984,22.832090966403484,22.832090966403484,23.40884882491082,370.3785720281303,370.3785720281303,402.03781029675156,53.43915343915344,4.7407407407407405
rx5-wperm-nt-schema100/tool-schema-gate/raw/001.json,tool-schema-gate,unknown,,,,,,,,,,,,,,,,,,,,,,,,,,,,,,,,
rx5-wperm-nt-schema100/tool-schema-gate/raw/002.json,tool-schema-gate,unknown,,,,,,,,,,,,,,,,,,,,,,,,,,,,,,,,
rx5-wperm-nt-schema100/tool-schema-gate/raw/003.json,tool-schema-gate,unknown,,,,,,,,,,,,,,,,,,,,,,,,,,,,,,,,
rx5-wperm-nt-schema100/tool-schema-gate/raw/004.json,tool-schema-gate,unknown,,,,,,,,,,,,,,,,,,,,,,,,,,,,,,,,
rx5-wperm-nt-schema100/tool-schema-gate/raw/005.json,tool-schema-gate,unknown,,,,,,,,,,,,,,,,,,,,,,,,,,,,,,,,
rx5-wperm-nt-schema100/tool-schema-gate/raw/006.json,tool-schema-gate,unknown,,,,,,,,,,,,,,,,,,,,,,,,,,,,,,,,
rx5-wperm-nt-schema100/tool-schema-gate/raw/007.json,tool-schema-gate,unknown,,,,,,,,,,,,,,,,,,,,,,,,,,,,,,,,
rx5-wperm-nt-schema100/tool-schema-gate/raw/008.json,tool-schema-gate,unknown,,,,,,,,,,,,,,,,,,,,,,,,,,,,,,,,
rx5-wperm-nt-schema100/tool-schema-gate/raw/009.json,tool-schema-gate,unknown,,,,,,,,,,,,,,,,,,,,,,,,,,,,,,,,
rx5-wperm-nt-schema100/tool-schema-gate/raw/010.json,tool-schema-gate,unknown,,,,,,,,,,,,,,,,,,,,,,,,,,,,,,,,
rx5-wperm-nt-schema100/tool-schema-gate/raw/011.json,tool-schema-gate,unknown,,,,,,,,,,,,,,,,,,,,,,,,,,,,,,,,
rx5-wperm-nt-schema100/tool-schema-gate/raw/012.json,tool-schema-gate,unknown,,,,,,,,,,,,,,,,,,,,,,,,,,,,,,,,
rx5-wperm-nt-schema100/tool-schema-gate/raw/013.json,tool-schema-gate,unknown,,,,,,,,,,,,,,,,,,,,,,,,,,,,,,,,
rx5-wperm-nt-schema100/tool-schema-gate/raw/014.json,tool-schema-gate,unknown,,,,,,,,,,,,,,,,,,,,,,,,,,,,,,,,
rx5-wperm-nt-schema100/tool-schema-gate/raw/015.json,tool-schema-gate,unknown,,,,,,,,,,,,,,,,,,,,,,,,,,,,,,,,
rx5-wperm-nt-schema100/tool-schema-gate/raw/016.json,tool-schema-gate,unknown,,,,,,,,,,,,,,,,,,,,,,,,,,,,,,,,
rx5-wperm-nt-schema100/tool-schema-gate/raw/017.json,tool-schema-gate,unknown,,,,,,,,,,,,,,,,,,,,,,,,,,,,,,,,
rx5-wperm-nt-schema100/tool-schema-gate/raw/018.json,tool-schema-gate,unknown,,,,,,,,,,,,,,,,,,,,,,,,,,,,,,,,
rx5-wperm-nt-schema100/tool-schema-gate/raw/019.json,tool-schema-gate,unknown,,,,,,,,,,,,,,,,,,,,,,,,,,,,,,,,
rx5-wperm-nt-schema100/tool-schema-gate/raw/020.json,tool-schema-gate,unknown,,,,,,,,,,,,,,,,,,,,,,,,,,,,,,,,
rx5-wperm-nt-schema100/tool-schema-gate/raw/021.json,tool-schema-gate,unknown,,,,,,,,,,,,,,,,,,,,,,,,,,,,,,,,
rx5-wperm-nt-schema100/tool-schema-gate/raw/022.json,tool-schema-gate,unknown,,,,,,,,,,,,,,,,,,,,,,,,,,,,,,,,
rx5-wperm-nt-schema100/tool-schema-gate/raw/023.json,tool-schema-gate,unknown,,,,,,,,,,,,,,,,,,,,,,,,,,,,,,,,
rx5-wperm-nt-schema100/tool-schema-gate/raw/024.json,tool-schema-gate,unknown,,,,,,,,,,,,,,,,,,,,,,,,,,,,,,,,
rx5-wperm-nt-schema100/tool-schema-gate/raw/025.json,tool-schema-gate,unknown,,,,,,,,,,,,,,,,,,,,,,,,,,,,,,,,
rx5-wperm-nt-schema100/tool-schema-gate/raw/026.json,tool-schema-gate,unknown,,,,,,,,,,,,,,,,,,,,,,,,,,,,,,,,
rx5-wperm-nt-schema100/tool-schema-gate/raw/027.json,tool-schema-gate,unknown,,,,,,,,,,,,,,,,,,,,,,,,,,,,,,,,
rx5-wperm-nt-schema100/tool-schema-gate/raw/028.json,tool-schema-gate,unknown,,,,,,,,,,,,,,,,,,,,,,,,,,,,,,,,
rx5-wperm-nt-schema100/tool-schema-gate/raw/029.json,tool-schema-gate,unknown,,,,,,,,,,,,,,,,,,,,,,,,,,,,,,,,
rx5-wperm-nt-schema100/tool-schema-gate/raw/030.json,tool-schema-gate,unknown,,,,,,,,,,,,,,,,,,,,,,,,,,,,,,,,
rx5-wperm-nt-schema100/tool-schema-gate/raw/031.json,tool-schema-gate,unknown,,,,,,,,,,,,,,,,,,,,,,,,,,,,,,,,
rx5-wperm-nt-schema100/tool-schema-gate/raw/032.json,tool-schema-gate,unknown,,,,,,,,,,,,,,,,,,,,,,,,,,,,,,,,
rx5-wperm-nt-schema100/tool-schema-gate/raw/033.json,tool-schema-gate,unknown,,,,,,,,,,,,,,,,,,,,,,,,,,,,,,,,
rx5-wperm-nt-schema100/tool-schema-gate/raw/034.json,tool-schema-gate,unknown,,,,,,,,,,,,,,,,,,,,,,,,,,,,,,,,
rx5-wperm-nt-schema100/tool-schema-gate/raw/035.json,tool-schema-gate,unknown,,,,,,,,,,,,,,,,,,,,,,,,,,,,,,,,
rx5-wperm-nt-schema100/tool-schema-gate/raw/036.json,tool-schema-gate,unknown,,,,,,,,,,,,,,,,,,,,,,,,,,,,,,,,
rx5-wperm-nt-schema100/tool-schema-gate/raw/037.json,tool-schema-gate,unknown,,,,,,,,,,,,,,,,,,,,,,,,,,,,,,,,
rx5-wperm-nt-schema100/tool-schema-gate/raw/038.json,tool-schema-gate,unknown,,,,,,,,,,,,,,,,,,,,,,,,,,,,,,,,
rx5-wperm-nt-schema100/tool-schema-gate/raw/039.json,tool-schema-gate,unknown,,,,,,,,,,,,,,,,,,,,,,,,,,,,,,,,
rx5-wperm-nt-schema100/tool-schema-gate/raw/040.json,tool-schema-gate,unknown,,,,,,,,,,,,,,,,,,,,,,,,,,,,,,,,
rx5-wperm-nt-schema100/tool-schema-gate/raw/041.json,tool-schema-gate,unknown,,,,,,,,,,,,,,,,,,,,,,,,,,,,,,,,
rx5-wperm-nt-schema100/tool-schema-gate/raw/042.json,tool-schema-gate,unknown,,,,,,,,,,,,,,,,,,,,,,,,,,,,,,,,
rx5-wperm-nt-schema100/tool-schema-gate/raw/043.json,tool-schema-gate,unknown,,,,,,,,,,,,,,,,,,,,,,,,,,,,,,,,
rx5-wperm-nt-schema100/tool-schema-gate/raw/044.json,tool-schema-gate,unknown,,,,,,,,,,,,,,,,,,,,,,,,,,,,,,,,
rx5-wperm-nt-schema100/tool-schema-gate/raw/045.json,tool-schema-gate,unknown,,,,,,,,,,,,,,,,,,,,,,,,,,,,,,,,
rx5-wperm-nt-schema100/tool-schema-gate/raw/046.json,tool-schema-gate,unknown,,,,,,,,,,,,,,,,,,,,,,,,,,,,,,,,
rx5-wperm-nt-schema100/tool-schema-gate/raw/047.json,tool-schema-gate,unknown,,,,,,,,,,,,,,,,,,,,,,,,,,,,,,,,
rx5-wperm-nt-schema100/tool-schema-gate/raw/048.json,tool-schema-gate,unknown,,,,,,,,,,,,,,,,,,,,,,,,,,,,,,,,
rx5-wperm-nt-schema100/tool-schema-gate/raw/049.json,tool-schema-gate,unknown,,,,,,,,,,,,,,,,,,,,,,,,,,,,,,,,
rx5-wperm-nt-schema100/tool-schema-gate/raw/050.json,tool-schema-gate,unknown,,,,,,,,,,,,,,,,,,,,,,,,,,,,,,,,
rx5-wperm-nt-schema100/tool-schema-gate/raw/051.json,tool-schema-gate,unknown,,,,,,,,,,,,,,,,,,,,,,,,,,,,,,,,
rx5-wperm-nt-schema100/tool-schema-gate/raw/052.json,tool-schema-gate,unknown,,,,,,,,,,,,,,,,,,,,,,,,,,,,,,,,
rx5-wperm-nt-schema100/tool-schema-gate/raw/053.json,tool-schema-gate,unknown,,,,,,,,,,,,,,,,,,,,,,,,,,,,,,,,
rx5-wperm-nt-schema100/tool-schema-gate/raw/054.json,tool-schema-gate,unknown,,,,,,,,,,,,,,,,,,,,,,,,,,,,,,,,
rx5-wperm-nt-schema100/tool-schema-gate/raw/055.json,tool-schema-gate,unknown,,,,,,,,,,,,,,,,,,,,,,,,,,,,,,,,
rx5-wperm-nt-schema100/tool-schema-gate/raw/056.json,tool-schema-gate,unknown,,,,,,,,,,,,,,,,,,,,,,,,,,,,,,,,
rx5-wperm-nt-schema100/tool-schema-gate/raw/057.json,tool-schema-gate,unknown,,,,,,,,,,,,,,,,,,,,,,,,,,,,,,,,
rx5-wperm-nt-schema100/tool-schema-gate/raw/058.json,tool-schema-gate,unknown,,,,,,,,,,,,,,,,,,,,,,,,,,,,,,,,
rx5-wperm-nt-schema100/tool-schema-gate/raw/059.json,tool-schema-gate,unknown,,,,,,,,,,,,,,,,,,,,,,,,,,,,,,,,
rx5-wperm-nt-schema100/tool-schema-gate/raw/060.json,tool-schema-gate,unknown,,,,,,,,,,,,,,,,,,,,,,,,,,,,,,,,
rx5-wperm-nt-schema100/tool-schema-gate/raw/061.json,tool-schema-gate,unknown,,,,,,,,,,,,,,,,,,,,,,,,,,,,,,,,
rx5-wperm-nt-schema100/tool-schema-gate/raw/062.json,tool-schema-gate,unknown,,,,,,,,,,,,,,,,,,,,,,,,,,,,,,,,
rx5-wperm-nt-schema100/tool-schema-gate/raw/063.json,tool-schema-gate,unknown,,,,,,,,,,,,,,,,,,,,,,,,,,,,,,,,
rx5-wperm-nt-schema100/tool-schema-gate/raw/064.json,tool-schema-gate,unknown,,,,,,,,,,,,,,,,,,,,,,,,,,,,,,,,
rx5-wperm-nt-schema100/tool-schema-gate/raw/065.json,tool-schema-gate,unknown,,,,,,,,,,,,,,,,,,,,,,,,,,,,,,,,
rx5-wperm-nt-schema100/tool-schema-gate/raw/066.json,tool-schema-gate,unknown,,,,,,,,,,,,,,,,,,,,,,,,,,,,,,,,
rx5-wperm-nt-schema100/tool-schema-gate/raw/067.json,tool-schema-gate,unknown,,,,,,,,,,,,,,,,,,,,,,,,,,,,,,,,
rx5-wperm-nt-schema100/tool-schema-gate/raw/068.json,tool-schema-gate,unknown,,,,,,,,,,,,,,,,,,,,,,,,,,,,,,,,
rx5-wperm-nt-schema100/tool-schema-gate/raw/069.json,tool-schema-gate,unknown,,,,,,,,,,,,,,,,,,,,,,,,,,,,,,,,
rx5-wperm-nt-schema100/tool-schema-gate/raw/070.json,tool-schema-gate,unknown,,,,,,,,,,,,,,,,,,,,,,,,,,,,,,,,
rx5-wperm-nt-schema100/tool-schema-gate/raw/071.json,tool-schema-gate,unknown,,,,,,,,,,,,,,,,,,,,,,,,,,,,,,,,
rx5-wperm-nt-schema100/tool-schema-gate/raw/072.json,tool-schema-gate,unknown,,,,,,,,,,,,,,,,,,,,,,,,,,,,,,,,
rx5-wperm-nt-schema100/tool-schema-gate/raw/073.json,tool-schema-gate,unknown,,,,,,,,,,,,,,,,,,,,,,,,,,,,,,,,
rx5-wperm-nt-schema100/tool-schema-gate/raw/074.json,tool-schema-gate,unknown,,,,,,,,,,,,,,,,,,,,,,,,,,,,,,,,
rx5-wperm-nt-schema100/tool-schema-gate/raw/075.json,tool-schema-gate,unknown,,,,,,,,,,,,,,,,,,,,,,,,,,,,,,,,
rx5-wperm-nt-schema100/tool-schema-gate/raw/076.json,tool-schema-gate,unknown,,,,,,,,,,,,,,,,,,,,,,,,,,,,,,,,
rx5-wperm-nt-schema100/tool-schema-gate/raw/077.json,tool-schema-gate,unknown,,,,,,,,,,,,,,,,,,,,,,,,,,,,,,,,
rx5-wperm-nt-schema100/tool-schema-gate/raw/078.json,tool-schema-gate,unknown,,,,,,,,,,,,,,,,,,,,,,,,,,,,,,,,
rx5-wperm-nt-schema100/tool-schema-gate/raw/079.json,tool-schema-gate,unknown,,,,,,,,,,,,,,,,,,,,,,,,,,,,,,,,
rx5-wperm-nt-schema100/tool-schema-gate/raw/080.json,tool-schema-gate,unknown,,,,,,,,,,,,,,,,,,,,,,,,,,,,,,,,
rx5-wperm-nt-schema100/tool-schema-gate/raw/081.json,tool-schema-gate,unknown,,,,,,,,,,,,,,,,,,,,,,,,,,,,,,,,
rx5-wperm-nt-schema100/tool-schema-gate/raw/082.json,tool-schema-gate,unknown,,,,,,,,,,,,,,,,,,,,,,,,,,,,,,,,
rx5-wperm-nt-schema100/tool-schema-gate/raw/083.json,tool-schema-gate,unknown,,,,,,,,,,,,,,,,,,,,,,,,,,,,,,,,
rx5-wperm-nt-schema100/tool-schema-gate/raw/084.json,tool-schema-gate,unknown,,,,,,,,,,,,,,,,,,,,,,,,,,,,,,,,
rx5-wperm-nt-schema100/tool-schema-gate/raw/085.json,tool-schema-gate,unknown,,,,,,,,,,,,,,,,,,,,,,,,,,,,,,,,
rx5-wperm-nt-schema100/tool-schema-gate/raw/086.json,tool-schema-gate,unknown,,,,,,,,,,,,,,,,,,,,,,,,,,,,,,,,
rx5-wperm-nt-schema100/tool-schema-gate/raw/087.json,tool-schema-gate,unknown,,,,,,,,,,,,,,,,,,,,,,,,,,,,,,,,
rx5-wperm-nt-schema100/tool-schema-gate/raw/088.json,tool-schema-gate,unknown,,,,,,,,,,,,,,,,,,,,,,,,,,,,,,,,
rx5-wperm-nt-schema100/tool-schema-gate/raw/089.json,tool-schema-gate,unknown,,,,,,,,,,,,,,,,,,,,,,,,,,,,,,,,
rx5-wperm-nt-schema100/tool-schema-gate/raw/090.json,tool-schema-gate,unknown,,,,,,,,,,,,,,,,,,,,,,,,,,,,,,,,
rx5-wperm-nt-schema100/tool-schema-gate/raw/091.json,tool-schema-gate,unknown,,,,,,,,,,,,,,,,,,,,,,,,,,,,,,,,
rx5-wperm-nt-schema100/tool-schema-gate/raw/092.json,tool-schema-gate,unknown,,,,,,,,,,,,,,,,,,,,,,,,,,,,,,,,
rx5-wperm-nt-schema100/tool-schema-gate/raw/093.json,tool-schema-gate,unknown,,,,,,,,,,,,,,,,,,,,,,,,,,,,,,,,
rx5-wperm-nt-schema100/tool-schema-gate/raw/094.json,tool-schema-gate,unknown,,,,,,,,,,,,,,,,,,,,,,,,,,,,,,,,
rx5-wperm-nt-schema100/tool-schema-gate/raw/095.json,tool-schema-gate,unknown,,,,,,,,,,,,,,,,,,,,,,,,,,,,,,,,
rx5-wperm-nt-schema100/tool-schema-gate/raw/096.json,tool-schema-gate,unknown,,,,,,,,,,,,,,,,,,,,,,,,,,,,,,,,
rx5-wperm-nt-schema100/tool-schema-gate/raw/097.json,tool-schema-gate,unknown,,,,,,,,,,,,,,,,,,,,,,,,,,,,,,,,
rx5-wperm-nt-schema100/tool-schema-gate/raw/098.json,tool-schema-gate,unknown,,,,,,,,,,,,,,,,,,,,,,,,,,,,,,,,
rx5-wperm-nt-schema100/tool-schema-gate/raw/099.json,tool-schema-gate,unknown,,,,,,,,,,,,,,,,,,,,,,,,,,,,,,,,
rx5-wperm-nt-schema100/tool-schema-gate/raw/100.json,tool-schema-gate,unknown,,,,,,,,,,,,,,,,,,,,,,,,,,,,,,,,
